title,company,location,description,url,salary_min,salary_max,rejection_reason,source
Trainee Website Administrator,ITOL Recruit,"London, UK","Trainee Coding Programme – No Experience Needed Future-proof your career in Coding – starting today. Looking for a career change? Maybe you’re already working but want a more technical role with better long-term prospects. Or you could be between jobs and ready for a fresh start in tech. The ITOL Recruit Coding Job Programme is designed to help you move into a high-demand coding role, even if you have no prior experience. Train online at your own pace and land your coding role in 1-3 months. Pl…",https://www.adzuna.co.uk/jobs/details/5809136996?utm_medium=api&utm_source=d6e71a5f,,,Not a software/technical role; Title not junior or graduate,Adzuna
Senior Embedded Software Engineer (C++),Expert Employment,"North London, London","We are looking for a Senior Embedded Software Engineer to develop advanced, real-time software solutions for complex systems. You will be responsible for delivering software from initial concept through to fully verified solutions, working across the full development lifecycle. Key Responsibilities Design, develop, and maintain high-quality software using best engineering practices Take ownership of software development from requirements through to verification and validation Support and enhanc…",https://www.adzuna.co.uk/jobs/details/5814030657?utm_medium=api&utm_source=d6e71a5f,,,Title not junior or graduate; Experience level too high,Adzuna
Senior Embedded Software Engineer C++,Engineering Employment,"North London, London","C++, Python, embedded, version control, CI/CD, software testing, verification, validation, GUI UXWe are looking for a Senior Embedded Software Engineer to develop advanced, real-time software solutions for complex systems. You will be responsible for delivering software from initial concept through to fully verified solutions, working across the full development lifecycle. Key Responsibilities Design, develop, and maintain high-quality software using best engineering practices Take ownership of…",https://www.adzuna.co.uk/jobs/details/5815389309?utm_medium=api&utm_source=d6e71a5f,,,Title not junior or graduate; Experience level too high,Adzuna
Senior Software Engineer (Full Stack),Cancer Research UK,"Stratford, East London","Senior Software Engineer (Full Stack) We’re happy to discuss flexible and remote working options. Location: Stratford based (with high flexibility, office based 1-2 days per week or work remotely) Salary: £50,000 to £60,000 per annum dependent on experience Closing date: 23:55 on the 21st August- p lease do not delay applying as we will be shortlisting on application. Application process : In our commitment to Equality, Diversity, and Inclusion, we operate an anonymized shortlisting process. Pl…",https://www.adzuna.co.uk/jobs/land/ad/4802551039?se=Qgbf1bGK8RGRUZLah8DS3A&utm_medium=api&utm_source=d6e71a5f&v=A738E3209F47ED0B44214B783B02BB06055B92E5,,,Title not junior or graduate; Experience level too high,Adzuna
Senior Software Engineer,Bet365,"Manchester, Greater Manchester","hackajob is collaborating with Bet365 to connect them with exceptional professionals for this role. About the role As a Senior Software Developer, you will build and maintain the core infrastructure and tools that empower our development teams to deliver high-quality software efficiently and reliably. The developer platform team forms part of the wider Platform Engineering department and is responsible for delivering solutions designed to streamline and enhance internal development processes th…",https://www.adzuna.co.uk/jobs/land/ad/5793826998?se=eG2I2rGK8RGbLL45Ug83Nw&utm_medium=api&utm_source=d6e71a5f&v=E82C2A0FB8694E54F4182FE1B5BE172BE8C29688,,,Title not junior or graduate; Experience level too high,Adzuna
"Senior Software Developer, Developer Platform",bet365,"Manchester, Greater Manchester","Job Description As a Senior Software Developer, you will build and maintain the core infrastructure and tools that empower our development teams to deliver high-quality software efficiently and reliably. The developer platform team forms part of the wider Platform Engineering department and is responsible for delivering solutions designed to streamline and enhance internal development processes through automation, tooling, and visibility. Our platform developers build high-profile, impactful, a…",https://www.adzuna.co.uk/jobs/details/5804122444?utm_medium=api&utm_source=d6e71a5f,,,Title not junior or graduate; Experience level too high,Adzuna
Senior Java Developer,Applause IT Recruitment Ltd,"Hulme, Manchester","Salary: £60,000 - 70,000 per year Requirements: Strong commercial Java development experience SQL Agile / Scrum TDD CI/CD Jenkins Gradle Automated testing Docker Kubernetes Terraform Packer Chef Vagrant JavaScript Groovy Cucumber Responsibilities: Develop, enhance, and maintain enterprise software applications Deliver high-quality code within Agile Scrum teams Champion automated testing, TDD, and CI/CD engineering practices Support technical leadership and software development standards Mentor …",https://www.adzuna.co.uk/jobs/details/5812196892?utm_medium=api&utm_source=d6e71a5f,,,Title not junior or graduate,Adzuna
Senior Java Developer,Applause IT Recruitment Ltd,"Rusholme, Manchester","Senior Java Developer Remote / Hybrid | £60,000 - £70,000  Benefits Senior Java Developer required for an established software technology organisation delivering complex enterprise platforms within a regulated environment. This is a fantastic opportunity for an experienced Senior Java Developer to join a highly collaborative engineering team working on scalable, mission-critical software products. The successful Senior Java Developer will combine strong hands-on Java development with technical …",https://www.adzuna.co.uk/jobs/land/ad/5786048985?se=eG2I2rGK8RGbLL45Ug83Nw&utm_medium=api&utm_source=d6e71a5f&v=690A8507EF497462FB47035DDF1DE82F641F1838,,,Title not junior or graduate; Experience level too high,Adzuna
Civil Engineering Graduate Water / Edinburgh (Summer 2026 starts),AECOM,"Edinburgh, Scotland","Company Description Work with Us. Change the World. At AECOM, we're delivering a better world. Whether improving your commute, keeping the lights on, providing access to clean water, or transforming skylines, our work helps people and communities thrive. We are the world's trusted infrastructure consulting firm, partnering with clients to solve the world's most complex challenges and build legacies for future generations. Start here. Grow here. There has never been a better time to be at AECOM.…",https://www.adzuna.co.uk/jobs/details/5618093383?utm_medium=api&utm_source=d6e71a5f,,,Not a software/technical role,Adzuna
Graduate Geotechnical Engineer and Engineering Geologist,AECOM,"Edinburgh, Scotland","Company Description Work with Us. Change the World. At AECOM, we're delivering a better world. Whether improving your commute, keeping the lights on, providing access to clean water, or transforming skylines, our work helps people and communities thrive. We are the world's trusted infrastructure consulting firm, partnering with clients to solve the world's most complex challenges and build legacies for future generations. There has never been a better time to be at AECOM. With accelerating infr…",https://www.adzuna.co.uk/jobs/details/5791595630?utm_medium=api&utm_source=d6e71a5f,,,Not a software/technical role,Adzuna
Robert Bird Group - Graduate Development Programme,SJ,"London, UK","About Us At Robert Bird Group, we’re passionate about shaping a better world through engineering excellence. We’re a global team of over 700 specialists working across structural, civil, geotechnical, construction engineering, and virtual design & construction (VDC). From the world’s tallest towers to iconic stadiums, we deliver innovative solutions to world-class projects across five continents. As part of the SJ Group, a global network of built environment specialists, we benefit from the str…",https://www.adzuna.co.uk/jobs/details/5802869952?utm_medium=api&utm_source=d6e71a5f,,,Not a software/technical role,Adzuna
Robert Bird Group - Graduate Geotechnical Engineer Development Programme,SJ,"London, UK","At Robert Bird Group, we’re passionate about shaping a better world through engineering excellence. We’re a global team of over 700 specialists working across structural, civil, geotechnical, construction engineering, and virtual design & construction (VDC). From the world’s tallest towers to iconic stadiums, we deliver innovative solutions to world-class projects across five continents. As part of the SJ Group, a global network of built environment specialists, we benefit from the strength and…",https://www.adzuna.co.uk/jobs/details/5802866393?utm_medium=api&utm_source=d6e71a5f,,,Not a software/technical role,Adzuna
Early Careers & Professional Development Specialist,Ryder Reid Legal Ltd,"London, UK","Early Careers & Professional Development SpecialistLondon | Hybrid Working (3 Days in Office) A leading international law firm is seeking an Early Careers & Professional Development Specialistto join their HR team on a temporary basis, with the opportunity for the role to become permanent for the right candidate. This is an exciting opportunity for an experienced Early Careers professional to take ownership of the firm's graduate recruitment and development strategy and play a key role in shapi…",https://www.adzuna.co.uk/jobs/land/ad/5799926971?se=bIkP37GK8RGWf7vOSVuBIA&utm_medium=api&utm_source=d6e71a5f&v=5B96BC5FB3EF4643FA5CA06E19AB2382204A4656,,,Not a software/technical role; Title not junior or graduate,Adzuna
Early Careers Development Specialist (12 month FTC),Freshfields,"London, UK","About Freshfields Freshfields is a global law firm with a long-standing reputation for excellence, innovation and collaboration. We advise the world's leading organisations on their most complex and business-critical matters, combining deep legal expertise with a truly global perspective. Our people are at the heart of our success, and we are committed to creating an environment where everyone can thrive, grow and feel a genuine sense of belonging. The role We are seeking an Early Careers Devel…",https://www.adzuna.co.uk/jobs/details/5717291198?utm_medium=api&utm_source=d6e71a5f,,,Not a software/technical role; Title not junior or graduate,Adzuna
Graduate Teaching Assistant,Jobsined Ltd,"Richmond, West London","Graduate Teaching Assistant Richmond | High-Achieving Secondary A well-regarded secondary school in Richmond, South West London is looking to appoint a Graduate Teaching Assistant from September on a full-time, long-term basis. This is an excellent opportunity for an academically strong graduate who wants to gain meaningful classroom experience before progressing into teacher training, educational psychology, or a related profession. Working alongside experienced teachers, you'll support studen…",https://www.adzuna.co.uk/jobs/land/ad/5811182400?se=bIkP37GK8RGWf7vOSVuBIA&utm_medium=api&utm_source=d6e71a5f&v=D7979476CD433ABED770896A26E8E2B4862DB7F3,,,Not a software/technical role,Adzuna
Veterinary Surgeon - London,Puro Search,"London, UK","Veterinary Surgeon – South West London • Exciting new Veterinary Surgeon role at a new and award winning independent small animal practice based in South West London • Aspirational, independent clinic, with the very best equipment including CT in an unparalleled space • Experienced 6 Vet Team and a growing culture where everyone has input into the development of the practice. • Career development opportunities • 4-day week with time off in lieu for weekend work – No OOH. Imagine a job where Mon…",https://www.adzuna.co.uk/jobs/details/5707182162?utm_medium=api&utm_source=d6e71a5f,,,Not a software/technical role; Title not junior or graduate,Adzuna
Graduate Teaching Assistant,Remedy Recruitment,"Southwark, South East London","Graduate Teaching Assistant - Southwark | Primary school A well-regarded Primary school in Southwark, South East London is looking to appoint a Graduate Teaching Assistant from September on a full-time, long-term basis. This is an excellent opportunity for an academically strong graduate who wants to gain meaningful classroom experience before progressing into teacher training, educational psychology, or a related profession. Working alongside experienced teachers, you'll support students acros…",https://www.adzuna.co.uk/jobs/details/5787034607?utm_medium=api&utm_source=d6e71a5f,,,Not a software/technical role,Adzuna
Graduate Sales & Business Management Trainee,Bridgewater Resources UK,"Edmonton, North London","Kick-start your career with an exciting and fast-paced graduate development programme from the UK's largest supplier of electrical equipment. Enjoy excellent rewards, hands-on learning and a clear pathway into sales leadership and business management. What's on Offer: £32,000 starting salary Two pay rises in your first year Profit share bonus  up to £1,800 tax-free training bonuses 25 days' holiday  matched employer pension contributions Fast progression into B2B sales and management Industry-l…",https://www.adzuna.co.uk/jobs/details/5808138285?utm_medium=api&utm_source=d6e71a5f,,,Not a software/technical role,Adzuna
Graduate Quality Engineer,FERROVIAL CONSTRUCTION  LIMITED,"Heathrow, Hounslow","Graduate Quality Engineer Ferrovial Construction is looking for Graduate Quality Engineers to assist with, and in some cases be responsible for, day to day activities on a variety of major UK infrastructure projects. The Ferrovial 2-year graduate development programme is designed to develop personal, professional and technical skills through a blended approach. You will work under the supervision of Quality Managers. Key Responsibilities Contribute to the achievement of Health and Safety in acc…",https://www.adzuna.co.uk/jobs/land/ad/5734203508?se=bIkP37GK8RGWf7vOSVuBIA&utm_medium=api&utm_source=d6e71a5f&v=65F910EBE95A620804E27A192F8DA8AFC81B67A6,,,Not a software/technical role; Experience level too high; Location not allowed,Adzuna
Graduate Sales & Business Management Trainee,Bridgewater Resources,"London, UK","Kick-start your career with an exciting and fast-paced graduate development programme from the UK's largest B2B supplier of electrical equipment. Enjoy excellent rewards, hands-on learning and a clear pathway into sales leadership and business management. What's on Offer: £32,000 starting salary Two pay rises in your first year Profit share bonus  up to £1,800 tax-free training bonuses 25 days' holiday  matched employer pension contributions Fast progression into B2B sales and management Indust…",https://www.adzuna.co.uk/jobs/land/ad/5808128643?se=bIkP37GK8RGWf7vOSVuBIA&utm_medium=api&utm_source=d6e71a5f&v=9CBC17DB3A4BB71FCDE4EE434C6A76DE29F3B687,,,Not a software/technical role,Adzuna
Graduate Trainee Sales Manager,Bridgewater Resources,"Twickenham, London","Kick-start your career with an exciting and fast-paced graduate development programme from the UK's largest B2B supplier of electrical equipment. Enjoy excellent rewards, hands-on learning and a clear pathway into sales leadership and business management. What's on Offer: £32,000 starting salary Two pay rises in your first year Profit share bonus  up to £1,800 tax-free training bonuses 25 days' holiday  matched employer pension contributions Fast progression into B2B sales and management Indust…",https://www.adzuna.co.uk/jobs/land/ad/5808076572?se=bIkP37GK8RGWf7vOSVuBIA&utm_medium=api&utm_source=d6e71a5f&v=B39ACA7186CD205AF9434AB2018FFE198F53B813,,,Not a software/technical role,Adzuna
Graduate Sales & Business Management Trainee,Bridgewater Resources UK,"Enfield, London","Kick-start your career with an exciting and fast-paced graduate development programme from the UK's largest B2B supplier of electrical equipment. Enjoy excellent rewards, hands-on learning and a clear pathway into sales leadership and business management. What's on Offer: £32,000 starting salary Two pay rises in your first year Profit share bonus  up to £1,800 tax-free training bonuses 25 days' holiday  matched employer pension contributions Fast progression into B2B sales and management Indust…",https://www.adzuna.co.uk/jobs/details/5808085394?utm_medium=api&utm_source=d6e71a5f,,,Not a software/technical role,Adzuna
Graduate Sales & Business Management Trainee,Bridgewater Resources UK,"Covent Garden, Central London","Kick-start your career with an exciting and fast-paced graduate development programme from the UK's largest B2B supplier of electrical equipment. Enjoy excellent rewards, hands-on learning and a clear pathway into sales leadership and business management. What's on Offer: £32,000 starting salary Two pay rises in your first year Profit share bonus  up to £1,800 tax-free training bonuses 25 days' holiday  matched employer pension contributions Fast progression into B2B sales and management Indust…",https://www.adzuna.co.uk/jobs/details/5808084740?utm_medium=api&utm_source=d6e71a5f,,,Not a software/technical role,Adzuna
Graduate Trainee Sales Manager,Bridgewater Resources UK,"Farringdon, Central London","Kick-start your career with an exciting and fast-paced graduate development programme from the UK's largest B2B supplier of electrical equipment. Enjoy excellent rewards, hands-on learning and a clear pathway into sales leadership and business management. What's on Offer: £32,000 starting salary Two pay rises in your first year Profit share bonus  up to £1,800 tax-free training bonuses 25 days' holiday  matched employer pension contributions Fast progression into B2B sales and management Indust…",https://www.adzuna.co.uk/jobs/details/5789884050?utm_medium=api&utm_source=d6e71a5f,,,Not a software/technical role,Adzuna
Graduate Trainee - Sales & Business Management,Bridgewater Resources UK,"West Drayton, London","Kick-start your career with an exciting and fast-paced graduate development programme from the UK's largest B2B supplier of electrical equipment. Enjoy excellent rewards, hands-on learning and a clear pathway into sales leadership and business management. What's on Offer: £32,000 starting salary Two pay rises in your first year Profit share bonus  up to £1,800 tax-free training bonuses 25 days' holiday  matched employer pension contributions Fast progression into B2B sales and management Indust…",https://www.adzuna.co.uk/jobs/details/5789884027?utm_medium=api&utm_source=d6e71a5f,,,Not a software/technical role,Adzuna
Graduate Grid Connections Manager,Aldwych Consulting Ltd,"South East London, London","Graduate Grid Connections Manager Location: Flexible (Hybrid Working) Salary: £35,000 - £40,000 Are you a recent Electrical Engineering graduate looking to kick-start your career in the rapidly growing energy and infrastructure sector? We're working with a leading engineering consultancy that is delivering some of the UK's largest infrastructure and decarbonisation programmes. This is an exciting opportunity to join a collaborative team working on innovative projects that are helping shape the …",https://www.adzuna.co.uk/jobs/land/ad/5797108993?se=bIkP37GK8RGWf7vOSVuBIA&utm_medium=api&utm_source=d6e71a5f&v=98838230B80B4A28600050660BAFF7CB90142D08,,,Not a software/technical role; Experience level too high,Adzuna
Graduate Grid Connections Manager,Aldwych Consulting Ltd,"London, UK","Graduate Grid Connections Manager Location: Flexible (Hybrid Working) Salary: £35,000 - £40,000 Are you a recent Electrical Engineering graduate looking to kick-start your career in the rapidly growing energy and infrastructure sector? We're working with a leading engineering consultancy that is delivering some of the UK's largest infrastructure and decarbonisation programmes. This is an exciting opportunity to join a collaborative team working on innovative projects that are helping shape the …",https://www.adzuna.co.uk/jobs/details/5790442213?utm_medium=api&utm_source=d6e71a5f,,,Not a software/technical role; Experience level too high,Adzuna
Graduate Tunnel Engineer - London or Birmingham,Jacobs,"London, UK","Graduate Tunnel Engineer - London or Birmingham Join the Jacobs Graduate Development Programme (GDP) and have a meaningful, positive impact on our environments, communities and societies. Bring your passion, your ingenuity and your vision. Let's see the impact we can create, together. What will you get? Our Graduate Development Programme is a structured two-year scheme designed to support your development at the start of your Jacobs career journey. Through a combination of blended learning, men…",https://www.adzuna.co.uk/jobs/land/ad/5784464150?se=bIkP37GK8RGWf7vOSVuBIA&utm_medium=api&utm_source=d6e71a5f&v=4784CEAB2024C37FB7A24CE51DF429498DC6EA9E,,,Not a software/technical role,Adzuna
Graduate Landscape Architect (London),Jacobs,"London, UK","Graduate Landscape Architect (London) Join the Jacobs Graduate Development Programme (GDP) and have a meaningful, positive impact on our environments, communities and societies. Bring your passion, your ingenuity and your vision. Let's see the impact we can create, together. What will you get? Our Graduate Development Programme is a structured two-year scheme designed to support your development at the start of your Jacobs career journey. Through a combination of blended learning, mentoring, pr…",https://www.adzuna.co.uk/jobs/land/ad/5766698991?se=tnR54LGK8RGbLL45Ug83Nw&utm_medium=api&utm_source=d6e71a5f&v=45896791F216D437F37C9C579546FD7C2A74A4E1,,,Not a software/technical role,Adzuna
Graduate Project Controls,FERROVIAL CONSTRUCTION  LIMITED,"Farringdon, Central London","Project Controls Graduate 2026 About Ferrovial Construction UK&I Ferrovial Construction is the UK based engineering and construction arm of the Ferrovial Group. It is the largest private transport infrastructure operator in the world in terms of capital invested. We have a presence across 15 countries with over 60 years’ experience. It is a Spanish multinational company operating through 4 divisions; Airports, Highways, Construction and Building subsidiaries. Ferrovial are committed to developi…",https://www.adzuna.co.uk/jobs/land/ad/5687609002?se=tnR54LGK8RGbLL45Ug83Nw&utm_medium=api&utm_source=d6e71a5f&v=9DED84C837B12E04C54B7EE35DE53694D4A89346,,,Not a software/technical role,Adzuna
Graduate Civil Engineer,FERROVIAL CONSTRUCTION  LIMITED,"Farringdon, Central London","Graduate Civil Engineer - 2026 About Ferrovial Construction UK&I Ferrovial Construction is the UK based engineering and construction arm of the Ferrovial Group. It is the largest private transport infrastructure operator in the world in terms of capital invested. We have a presence across 15 countries with over 60 years’ experience. It is a Spanish multinational company operating through 4 divisions; Airports, Highways, Construction and Building subsidiaries. Ferrovial are committed to developi…",https://www.adzuna.co.uk/jobs/land/ad/5687246204?se=tnR54LGK8RGbLL45Ug83Nw&utm_medium=api&utm_source=d6e71a5f&v=B2AF7FFE0310356BE83462D55E1C00C062AFDB15,,,Not a software/technical role,Adzuna
"Health, Safety & Wellbeing Graduate",FERROVIAL CONSTRUCTION  LIMITED,"London Heathrow Airport, Hounslow","Health, Safety & Wellbeing Graduate 2026 About Ferrovial Construction UK&I Ferrovial Construction is the UK based engineering and construction arm of the Ferrovial Group. It is the largest private transport infrastructure operator in the world in terms of capital invested. We have a presence across 15 countries with over 60 years’ experience. It is a Spanish multinational company operating through 4 divisions; Airports, Highways, Construction and Building subsidiaries. Ferrovial are committed t…",https://www.adzuna.co.uk/jobs/land/ad/5687575657?se=tnR54LGK8RGbLL45Ug83Nw&utm_medium=api&utm_source=d6e71a5f&v=A03A78C2A29B7E5DF2A18241C34DB29B028A0DF3,,,Not a software/technical role,Adzuna
Early Careers Advisor & Development Coordinator,Strictly Recruitment,"London, UK","We are partnering exclusively with a prestigious international law firm to recruit an Early Careers Advisor & Development Coordinator to join its growing HR team. This is an exceptional opportunity to take on a broad, varied role supporting the attraction, recruitment and development of future legal talent within a market-leading environment. You will gain exposure across the full Early Careers lifecycle, from campus attraction and assessment centres through to trainee development, qualificatio…",https://www.adzuna.co.uk/jobs/land/ad/5812566235?se=tnR54LGK8RGbLL45Ug83Nw&utm_medium=api&utm_source=d6e71a5f&v=06A70853183FD0DA7B41D3CA7B268991CDFF3C0D,,,Not a software/technical role; Title not junior or graduate,Adzuna
Graduate Electrical Engineer,FERROVIAL CONSTRUCTION  LIMITED,"Farringdon, Central London","Graduate Electrical Engineer 2026 About Ferrovial Construction UK&I Ferrovial Construction is the UK based engineering and construction arm of the Ferrovial Group. It is the largest private transport infrastructure operator in the world in terms of capital invested. We have a presence across 15 countries with over 60 years’ experience. It is a Spanish multinational company operating through 4 divisions; Airports, Highways, Construction and Building subsidiaries. Ferrovial are committed to devel…",https://www.adzuna.co.uk/jobs/land/ad/5687523947?se=tnR54LGK8RGbLL45Ug83Nw&utm_medium=api&utm_source=d6e71a5f&v=F798120691F875255A942FB3562210043B14A69B,,,Not a software/technical role,Adzuna
Graduate Geotechnical Engineer,FERROVIAL CONSTRUCTION  LIMITED,"London, UK","Graduate Geotechnical Engineer - 2026 About Ferrovial Construction UK&I Ferrovial Construction is the UK based engineering and construction arm of the Ferrovial Group. It is the largest private transport infrastructure operator in the world in terms of capital invested. We have a presence across 15 countries with over 60 years’ experience. It is a Spanish multinational company operating through 4 divisions; Airports, Highways, Construction and Building subsidiaries. Ferrovial are committed to d…",https://www.adzuna.co.uk/jobs/land/ad/5803419446?se=tnR54LGK8RGbLL45Ug83Nw&utm_medium=api&utm_source=d6e71a5f&v=6EDEBB72EA380C77AC4D3BA5A72A351CC47DD501,,,Not a software/technical role,Adzuna
Graduate Quantity Surveyor,FERROVIAL CONSTRUCTION  LIMITED,"Farringdon, Central London","Graduate Quantity Surveyor 2026 About Ferrovial Construction UK&I Ferrovial Construction is the UK based engineering and construction arm of the Ferrovial Group. It is the largest private transport infrastructure operator in the world in terms of capital invested. We have a presence across 15 countries with over 60 years’ experience. It is a Spanish multinational company operating through 4 divisions; Airports, Highways, Construction and Building subsidiaries. Ferrovial are committed to develop…",https://www.adzuna.co.uk/jobs/land/ad/5687608903?se=tnR54LGK8RGbLL45Ug83Nw&utm_medium=api&utm_source=d6e71a5f&v=6B136986192D1649B921A66FF16BF0E369359091,,,Not a software/technical role,Adzuna
Senior Organisational Development Adviser,London Borough of Richmond upon Thames and London Borough of Wandsworth,"London, UK","Job Title:Senior Organisational Development Adviser Salary Range:£43,545 - £55,992 per annum Permanent Full Time – 36Hours Location: Richmond and Wandsworth Councils Essential Information: This is a hybrid role between the two council offices and home, with a focus on early careers alongside developing the skills and growth of current staff. Are you ready to take on a role where your ideas, energy and expertise will directly shape the workforce, culture and future of not one, but two ambitious …",https://www.adzuna.co.uk/jobs/details/5787609358?utm_medium=api&utm_source=d6e71a5f,,,Not a software/technical role; Title not junior or graduate; Experience level too high,Adzuna
Graduate Civils Structures Engineer - 2026,FERROVIAL CONSTRUCTION  LIMITED,"London, UK","Graduate Civils Structures Engineer - 2026 About Ferrovial Construction UK&I Ferrovial Construction is the UK based engineering and construction arm of the Ferrovial Group. It is the largest private transport infrastructure operator in the world in terms of capital invested. We have a presence across 15 countries with over 60 years’ experience. It is a Spanish multinational company operating through 4 divisions; Airports, Highways, Construction and Building subsidiaries. Ferrovial are committed…",https://www.adzuna.co.uk/jobs/land/ad/5803419400?se=tnR54LGK8RGbLL45Ug83Nw&utm_medium=api&utm_source=d6e71a5f&v=CC601C0685D3C0CDEA00029662EBADB5A711B029,,,Not a software/technical role,Adzuna
Project Controls Graduate,F8 FERROVIAL CONSTRUCTION  LIMITED,"The City, Central London","Join Ferrovial: Where Innovation Meets Opportunity Are you ready to elevate your career with a global leader in infrastructure solving complex problems and generating a positive outcome on people's lives? At Ferrovial , we are not just a company; we are a community of innovators and trailblazers. Listed on three major stock markets: Nasdaq (US), Euronext Amsterdam (Netherlands) and IBEX 35 (Spain), we are also member of the Dow Jones Sustainability Index and FTSE4Good. We operate in more than 1…",https://www.adzuna.co.uk/jobs/details/5812619538?utm_medium=api&utm_source=d6e71a5f,,,Not a software/technical role,Adzuna
Graduate Design Civil Engineer,F8 FERROVIAL CONSTRUCTION  LIMITED,"The City, Central London","Join Ferrovial: Where Innovation Meets Opportunity Are you ready to elevate your career with a global leader in infrastructure solving complex problems and generating a positive outcome on people's lives? At Ferrovial , we are not just a company; we are a community of innovators and trailblazers. Listed on three major stock markets: Nasdaq (US), Euronext Amsterdam (Netherlands) and IBEX 35 (Spain), we are also member of the Dow Jones Sustainability Index and FTSE4Good. We operate in more than 1…",https://www.adzuna.co.uk/jobs/details/5812619557?utm_medium=api&utm_source=d6e71a5f,,,Not a software/technical role,Adzuna
Graduate Design Civil Engineer,F8 FERROVIAL CONSTRUCTION  LIMITED,"Hounslow, London","Join Ferrovial: Where Innovation Meets Opportunity Are you ready to elevate your career with a global leader in infrastructure solving complex problems and generating a positive outcome on people's lives? At Ferrovial , we are not just a company; we are a community of innovators and trailblazers. Listed on three major stock markets: Nasdaq (US), Euronext Amsterdam (Netherlands) and IBEX 35 (Spain), we are also member of the Dow Jones Sustainability Index and FTSE4Good. We operate in more than 1…",https://www.adzuna.co.uk/jobs/details/5813485117?utm_medium=api&utm_source=d6e71a5f,,,Not a software/technical role,Adzuna
Graduate Teaching Assistant,Remedy Education,"Southwark, South East London","Graduate Teaching Assistant - Southwark | Primary school A well-regarded Primary school in Southwark, South East London is looking to appoint a Graduate Teaching Assistant from September on a full-time, long-term basis. This is an excellent opportunity for an academically strong graduate who wants to gain meaningful classroom experience before progressing into teacher training, educational psychology, or a related profession. Working alongside experienced teachers, you'll support students acros…",https://www.adzuna.co.uk/jobs/land/ad/5786784095?se=tnR54LGK8RGbLL45Ug83Nw&utm_medium=api&utm_source=d6e71a5f&v=A8FBBF43C5DFC66C1B404D4474DF01136D81EA9B,,,Not a software/technical role,Adzuna
Graduate Teaching Assistant,Remedy Recruitment Group,"London, UK","Graduate Teaching Assistant - Southwark | Primary school A well-regarded Primary school in Southwark, South East London is looking to appoint a Graduate Teaching Assistant from September on a full-time, long-term basis. This is an excellent opportunity for an academically strong graduate who wants to gain meaningful classroom experience before progressing into teacher training, educational psychology, or a related profession. Working alongside experienced teachers, you'll support students acros…",https://www.adzuna.co.uk/jobs/details/5786786502?utm_medium=api&utm_source=d6e71a5f,,,Not a software/technical role,Adzuna
Graduate Recruitment Consultant,Next Ventures Limited,"The City, Central London","Are you a recent graduate looking to kick-start your career in a fast-paced, rewarding sales environment? At Next Ventures , we're looking for ambitious graduates to join our September 2026 Recruitment Academy as Graduate Trainee Recruitment Consultants. No recruitment experience is required we'll provide all the training and support you need to build a successful career in technology recruitment. About Next Ventures Next Ventures is a leading international technology recruitment consultancy, h…",https://www.adzuna.co.uk/jobs/details/5784198616?utm_medium=api&utm_source=d6e71a5f,,,Not a software/technical role,Adzuna
Graduate Mechanical Engineer 2026,F8 FERROVIAL CONSTRUCTION  LIMITED,"Hounslow, London","Join Ferrovial: Where Innovation Meets Opportunity Are you ready to elevate your career with a global leader in infrastructure solving complex problems and generating a positive outcome on people's lives? At Ferrovial , we are not just a company; we are a community of innovators and trailblazers. Listed on three major stock markets: Nasdaq (US), Euronext Amsterdam (Netherlands) and IBEX 35 (Spain), we are also member of the Dow Jones Sustainability Index and FTSE4Good. We operate in more than 1…",https://www.adzuna.co.uk/jobs/details/5809634056?utm_medium=api&utm_source=d6e71a5f,,,Not a software/technical role,Adzuna
Graduate Electrical Engineer,F8 FERROVIAL CONSTRUCTION  LIMITED,"Hounslow, London","Join Ferrovial: Where Innovation Meets Opportunity Are you ready to elevate your career with a global leader in infrastructure solving complex problems and generating a positive outcome on people's lives? At Ferrovial , we are not just a company; we are a community of innovators and trailblazers. Listed on three major stock markets: Nasdaq (US), Euronext Amsterdam (Netherlands) and IBEX 35 (Spain), we are also member of the Dow Jones Sustainability Index and FTSE4Good. We operate in more than 1…",https://www.adzuna.co.uk/jobs/details/5809634057?utm_medium=api&utm_source=d6e71a5f,,,Not a software/technical role,Adzuna
Graduate Landscape Architect (Leeds and Manchester),Jacobs,"Leeds, West Yorkshire","Graduate Landscape Architect (Leeds and Manchester) Join the Jacobs Graduate Development Programme (GDP) and have a meaningful, positive impact on our environments, communities and societies. Bring your passion, your ingenuity and your vision. Let's see the impact we can create, together. What will you get? Our Graduate Development Programme is a structured two-year scheme designed to support your development at the start of your Jacobs career journey. Through a combination of blended learning,…",https://www.adzuna.co.uk/jobs/land/ad/5766698921?se=HISX47GK8RGRUZLah8DS3A&utm_medium=api&utm_source=d6e71a5f&v=5DEAC35D8C095760EB444A065198B73273B78599,,,Not a software/technical role,Adzuna
Fire Engineer - Graduate - Hybrid,Hawkes Resourcing Group,"Hyde Park, Leeds","Graduate Fire Engineer Location: Hybrid Working (Home-Based with Site Visits as Required) Salary: £30,000 - £33,000 per annum Type: Full Time, Permanent The Opportunity We are seeking an ambitious Graduate Fire Engineer to join a growing fire engineering consultancy. This is an excellent opportunity for a recent graduate or early-career professional looking to develop their technical expertise across a range of fire engineering projects. The successful candidate will work alongside experienced …",https://www.adzuna.co.uk/jobs/land/ad/5756393836?se=HISX47GK8RGRUZLah8DS3A&utm_medium=api&utm_source=d6e71a5f&v=E55DE14BF4F8D1C9681F7F1BBEB70DAF34EC95D6,,,Not a software/technical role,Adzuna
Graduate Bridge Structures Engineers - Leeds (2026),AECOM,"Leeds, West Yorkshire","Company Description Work with Us. Change the World. At AECOM, we're delivering a better world. Whether improving your commute, keeping the lights on, providing access to clean water, or transforming skylines, our work helps people and communities thrive. We are the world's trusted infrastructure consulting firm, partnering with clients to solve the world's most complex challenges and build legacies for future generations. There has never been a better time to be at AECOM. With accelerating infr…",https://www.adzuna.co.uk/jobs/details/5775514312?utm_medium=api&utm_source=d6e71a5f,,,Not a software/technical role,Adzuna
Graduate Landscape Architect (Leeds and Manchester),Jacobs,"Manchester, Greater Manchester","Graduate Landscape Architect (Leeds and Manchester) Join the Jacobs Graduate Development Programme (GDP) and have a meaningful, positive impact on our environments, communities and societies. Bring your passion, your ingenuity and your vision. Let's see the impact we can create, together. What will you get? Our Graduate Development Programme is a structured two-year scheme designed to support your development at the start of your Jacobs career journey. Through a combination of blended learning,…",https://www.adzuna.co.uk/jobs/land/ad/5766698861?se=Tm0W5bGK8RGRUZLah8DS3A&utm_medium=api&utm_source=d6e71a5f&v=70972C9F4A0C9AB08573B8F5230B87EFC6B89853,,,Not a software/technical role,Adzuna
Graduate Bridge Structures Engineers - Manchester (2026),AECOM,"Manchester, Greater Manchester","Company Description Work with Us. Change the World. At AECOM, we're delivering a better world. Whether improving your commute, keeping the lights on, providing access to clean water, or transforming skylines, our work helps people and communities thrive. We are the world's trusted infrastructure consulting firm, partnering with clients to solve the world's most complex challenges and build legacies for future generations. There has never been a better time to be at AECOM. With accelerating infr…",https://www.adzuna.co.uk/jobs/details/5775514305?utm_medium=api&utm_source=d6e71a5f,,,Not a software/technical role,Adzuna
Senior Engineer – Python Automation Enterprise Finance Reporting & Insights COE,Aristocrat Technologies,"London, UK","At Aristocrat, our groundbreaking spirit and relentless pursuit of excellence drive every aspect of our business. As innovators in gaming and technology, we bring fresh thinking and creativity to deliver outstanding experiences daily. We're looking for a Senior Engineer – Python Automation to transform our enterprise organization by automating repetitive processes and advancing our Reporting Center of Excellence standards. What You'll Do Develop the complete Life Cycle of Automation Solutions f…",https://www.adzuna.co.uk/jobs/details/5796948422?utm_medium=api&utm_source=d6e71a5f,,,Title not junior or graduate; Experience level too high,Adzuna
Software Engineer - Hardware Simulation & Engineering Infrastructure,SanDisk,"Edinburgh, Scotland","Company Description Sandisk understands how people and businesses consume data and we relentlessly innovate to deliver solutions that enable today's needs and tomorrow's next big ideas. With a rich history of groundbreaking innovations in Flash and advanced memory technologies, our solutions have become the beating heart of the digital world we're living in and that we have the power to shape. Sandisk meets people and businesses at the intersection of their aspirations and the moment, enabling …",https://www.adzuna.co.uk/jobs/details/5738189255?utm_medium=api&utm_source=d6e71a5f,,,Title not junior or graduate,Adzuna
Trainee Software Developer,ITOL Recruit,United Kingdom,"Are you looking to benefit from a new career in Software Development? Skills shortages in the IT sector is driving the need for qualified, entry-level career seekers and career changers. We help place graduates from this programme in top UK companies and organisations needing to employ entry-level software development staff that can hit the ground running with up-to-date skills gained from this programme. The best part is you will not need any p... ",https://www.reed.co.uk/jobs/trainee-software-developer/57081310,26000.0,35000.0,Title not junior or graduate; Location not allowed; Salary below minimum,Reed
Principal Structural Engineer,Morgan Hunt Recruitment,EH13EG,"Morgan Hunt are working with a consultancy to recruit a Principal Structural Engineer to join their Edinburgh office. This is an excellent opportunity for a skilled engineer to play a key role in delivering a diverse portfolio of building structures projects across multiple sectors, while contributing to the development of a growing team. You will work closely with clients, architects and multidisciplinary design teams to lead structural enginee... ",https://www.reed.co.uk/jobs/principal-structural-engineer/57116306,55000.0,55000.0,Not a software/technical role; Title not junior or graduate; Experience level too high; Location not allowed,Reed
Coding and Programming Trainee,ITOL Recruit,United Kingdom,"Are you looking to benefit from a new career in Programming? Skills shortages in the IT sector are driving the need for qualified, entry-level career seekers and career changers. We help place graduates from this programme in top UK companies and organisations needing to employ entry-level Programming staff that can hit the ground running with up-to-date skills gained from this programme. The best part is you will not need any previous experienc... ",https://www.reed.co.uk/jobs/coding-and-programming-trainee/57140483,26000.0,35000.0,Not a software/technical role; Title not junior or graduate; Location not allowed; Salary below minimum,Reed
Coding and Programming Trainee,ITOL Recruit,EH88BG,"Are you looking to benefit from a new career in Programming? Skills shortages in the IT sector are driving the need for qualified, entry-level career seekers and career changers. We help place graduates from this programme in top UK companies and organisations needing to employ entry-level Programming staff that can hit the ground running with up-to-date skills gained from this programme. The best part is you will not need any previous experienc... ",https://www.reed.co.uk/jobs/coding-and-programming-trainee/57166443,27000.0,35000.0,Not a software/technical role; Title not junior or graduate; Location not allowed; Salary below minimum,Reed
Trainee Web Developer,IT Career Switch,EH11BQ,Trainee Web Developer - No Experience Required Are you looking to kick-start a new career as a web developer? We are recruiting for companies who are looking to employ our Coding Traineeship graduates to keep up with their growth. The best part is you will not need any previous experience as full training will be provided. You will also have the reassurance of a job guarantee within 20 miles of your location upon completion. Whether you are work... ,https://www.reed.co.uk/jobs/trainee-web-developer/56450918,25000.0,45000.0,Title not junior or graduate; Location not allowed; Salary below minimum,Reed
Software Developer Trainee,ITOL Recruit,W52BJ,"Are you looking to benefit from a new career in Software Development? Skills shortages in the IT sector is driving the need for qualified, entry-level career seekers and career changers. We help place graduates from this programme in top UK companies and organisations needing to employ entry-level software development staff that can hit the ground running with up-to-date skills gained from this programme. The best part is you will not need any p... ",https://www.reed.co.uk/jobs/software-developer-trainee/57161483,28000.0,35000.0,Title not junior or graduate; Location not allowed; Salary below minimum,Reed
Trainee Software Developer,ITOL Recruit,SW1A1AA,"Are you looking to benefit from a new career in Software Development? Skills shortages in the IT sector is driving the need for qualified, entry-level career seekers and career changers. We help place graduates from this programme in top UK companies and organisations needing to employ entry-level software development staff that can hit the ground running with up-to-date skills gained from this programme. The best part is you will not need any p... ",https://www.reed.co.uk/jobs/trainee-software-developer/57124957,28000.0,35000.0,Title not junior or graduate; Location not allowed; Salary below minimum,Reed
Software Developer Trainee,ITOL Recruit,SW21RW,"Are you looking to benefit from a new career in Software Development? Skills shortages in the IT sector is driving the need for qualified, entry-level career seekers and career changers. We help place graduates from this programme in top UK companies and organisations needing to employ entry-level software development staff that can hit the ground running with up-to-date skills gained from this programme. The best part is you will not need any p... ",https://www.reed.co.uk/jobs/software-developer-trainee/57147840,28000.0,35000.0,Title not junior or graduate; Location not allowed; Salary below minimum,Reed
Software Developer Trainee,ITOL Recruit,E62RP,"Are you looking to benefit from a new career in Software Development? Skills shortages in the IT sector is driving the need for qualified, entry-level career seekers and career changers. We help place graduates from this programme in top UK companies and organisations needing to employ entry-level software development staff that can hit the ground running with up-to-date skills gained from this programme. The best part is you will not need any p... ",https://www.reed.co.uk/jobs/software-developer-trainee/57161515,28000.0,35000.0,Title not junior or graduate; Location not allowed; Salary below minimum,Reed
Software Developer Trainee,ITOL Recruit,WC1H9HB,"Are you looking to benefit from a new career in Software Development? Skills shortages in the IT sector is driving the need for qualified, entry-level career seekers and career changers. We help place graduates from this programme in top UK companies and organisations needing to employ entry-level software development staff that can hit the ground running with up-to-date skills gained from this programme. The best part is you will not need any p... ",https://www.reed.co.uk/jobs/software-developer-trainee/57161187,28000.0,35000.0,Title not junior or graduate; Location not allowed; Salary below minimum,Reed
Software Developer Trainee,ITOL Recruit,SW182PU,"Are you looking to benefit from a new career in Software Development? Skills shortages in the IT sector is driving the need for qualified, entry-level career seekers and career changers. We help place graduates from this programme in top UK companies and organisations needing to employ entry-level software development staff that can hit the ground running with up-to-date skills gained from this programme. The best part is you will not need any p... ",https://www.reed.co.uk/jobs/software-developer-trainee/57161155,28000.0,35000.0,Title not junior or graduate; Location not allowed; Salary below minimum,Reed
Software Developer Trainee,ITOL Recruit,HA90AD,"Are you looking to benefit from a new career in Software Development? Skills shortages in the IT sector is driving the need for qualified, entry-level career seekers and career changers. We help place graduates from this programme in top UK companies and organisations needing to employ entry-level software development staff that can hit the ground running with up-to-date skills gained from this programme. The best part is you will not need any p... ",https://www.reed.co.uk/jobs/software-developer-trainee/57147839,28000.0,35000.0,Title not junior or graduate; Location not allowed; Salary below minimum,Reed
Trainee Software Developer,ITOL Recruit,SW21RW,"Are you looking to benefit from a new career in Software Development? Skills shortages in the IT sector is driving the need for qualified, entry-level career seekers and career changers. We help place graduates from this programme in top UK companies and organisations needing to employ entry-level software development staff that can hit the ground running with up-to-date skills gained from this programme. The best part is you will not need any p... ",https://www.reed.co.uk/jobs/trainee-software-developer/57147552,29000.0,35000.0,Title not junior or graduate; Location not allowed; Salary below minimum,Reed
Software Developer Trainee,ITOL Recruit,NW44BG,"Are you looking to benefit from a new career in Software Development? Skills shortages in the IT sector is driving the need for qualified, entry-level career seekers and career changers. We help place graduates from this programme in top UK companies and organisations needing to employ entry-level software development staff that can hit the ground running with up-to-date skills gained from this programme. The best part is you will not need any p... ",https://www.reed.co.uk/jobs/software-developer-trainee/57138477,28000.0,35000.0,Title not junior or graduate; Location not allowed; Salary below minimum,Reed
Trainee Software Developer,ITOL Recruit,SW182PU,"Are you looking to benefit from a new career in Software Development? Skills shortages in the IT sector is driving the need for qualified, entry-level career seekers and career changers. We help place graduates from this programme in top UK companies and organisations needing to employ entry-level software development staff that can hit the ground running with up-to-date skills gained from this programme. The best part is you will not need any p... ",https://www.reed.co.uk/jobs/trainee-software-developer/57138061,29000.0,35000.0,Title not junior or graduate; Location not allowed; Salary below minimum,Reed
Software Developer Trainee,ITOL Recruit,SW1A1AA,"Are you looking to benefit from a new career in Software Development? Skills shortages in the IT sector is driving the need for qualified, entry-level career seekers and career changers. We help place graduates from this programme in top UK companies and organisations needing to employ entry-level software development staff that can hit the ground running with up-to-date skills gained from this programme. The best part is you will not need any p... ",https://www.reed.co.uk/jobs/software-developer-trainee/57161214,28000.0,35000.0,Title not junior or graduate; Location not allowed; Salary below minimum,Reed
Software Developer Trainee,ITOL Recruit,N12UD,"Are you looking to benefit from a new career in Software Development? Skills shortages in the IT sector is driving the need for qualified, entry-level career seekers and career changers. We help place graduates from this programme in top UK companies and organisations needing to employ entry-level software development staff that can hit the ground running with up-to-date skills gained from this programme. The best part is you will not need any p... ",https://www.reed.co.uk/jobs/software-developer-trainee/57161203,28000.0,35000.0,Title not junior or graduate; Location not allowed; Salary below minimum,Reed
Software Developer Trainee,ITOL Recruit,E11BJ,"Are you looking to benefit from a new career in Software Development? Skills shortages in the IT sector is driving the need for qualified, entry-level career seekers and career changers. We help place graduates from this programme in top UK companies and organisations needing to employ entry-level software development staff that can hit the ground running with up-to-date skills gained from this programme. The best part is you will not need any p... ",https://www.reed.co.uk/jobs/software-developer-trainee/57161176,28000.0,35000.0,Title not junior or graduate; Location not allowed; Salary below minimum,Reed
Software Developer Trainee,ITOL Recruit,SE58UN,"Are you looking to benefit from a new career in Software Development? Skills shortages in the IT sector is driving the need for qualified, entry-level career seekers and career changers. We help place graduates from this programme in top UK companies and organisations needing to employ entry-level software development staff that can hit the ground running with up-to-date skills gained from this programme. The best part is you will not need any p... ",https://www.reed.co.uk/jobs/software-developer-trainee/57161129,28000.0,35000.0,Title not junior or graduate; Location not allowed; Salary below minimum,Reed
Trainee Software Developer,ITOL Recruit,WC1H9HH,"Are you looking to benefit from a new career in Software Development? Skills shortages in the IT sector is driving the need for qualified, entry-level career seekers and career changers. We help place graduates from this programme in top UK companies and organisations needing to employ entry-level software development staff that can hit the ground running with up-to-date skills gained from this programme. The best part is you will not need any p... ",https://www.reed.co.uk/jobs/trainee-software-developer/57120088,26000.0,35000.0,Title not junior or graduate; Location not allowed; Salary below minimum,Reed
Trainee Software Developer,ITOL Recruit,NW44BG,"Are you looking to benefit from a new career in Software Development? Skills shortages in the IT sector is driving the need for qualified, entry-level career seekers and career changers. We help place graduates from this programme in top UK companies and organisations needing to employ entry-level software development staff that can hit the ground running with up-to-date skills gained from this programme. The best part is you will not need any p... ",https://www.reed.co.uk/jobs/trainee-software-developer/57095893,29000.0,35000.0,Title not junior or graduate; Location not allowed; Salary below minimum,Reed
Trainee Software Developer,ITOL Recruit,W87NX,"Are you looking to benefit from a new career in Software Development? Skills shortages in the IT sector is driving the need for qualified, entry-level career seekers and career changers. We help place graduates from this programme in top UK companies and organisations needing to employ entry-level software development staff that can hit the ground running with up-to-date skills gained from this programme. The best part is you will not need any p... ",https://www.reed.co.uk/jobs/trainee-software-developer/57095679,29000.0,35000.0,Title not junior or graduate; Location not allowed; Salary below minimum,Reed
Trainee Software Developer,ITOL Recruit,EN27AX,"Are you looking to benefit from a new career in Software Development? Skills shortages in the IT sector is driving the need for qualified, entry-level career seekers and career changers. We help place graduates from this programme in top UK companies and organisations needing to employ entry-level software development staff that can hit the ground running with up-to-date skills gained from this programme. The best part is you will not need any p... ",https://www.reed.co.uk/jobs/trainee-software-developer/57120412,30000.0,35000.0,Title not junior or graduate; Location not allowed,Reed
Software Developer Trainee,ITOL Recruit,BR11RY,"Are you looking to benefit from a new career in Software Development? Skills shortages in the IT sector is driving the need for qualified, entry-level career seekers and career changers. We help place graduates from this programme in top UK companies and organisations needing to employ entry-level software development staff that can hit the ground running with up-to-date skills gained from this programme. The best part is you will not need any p... ",https://www.reed.co.uk/jobs/software-developer-trainee/57161185,28000.0,35000.0,Title not junior or graduate; Location not allowed; Salary below minimum,Reed
Software Developer Trainee,ITOL Recruit,EN13ES,"Are you looking to benefit from a new career in Software Development? Skills shortages in the IT sector is driving the need for qualified, entry-level career seekers and career changers. We help place graduates from this programme in top UK companies and organisations needing to employ entry-level software development staff that can hit the ground running with up-to-date skills gained from this programme. The best part is you will not need any p... ",https://www.reed.co.uk/jobs/software-developer-trainee/57142917,28000.0,35000.0,Title not junior or graduate; Location not allowed; Salary below minimum,Reed
Trainee Software Developer,ITOL Recruit,SM11EA,"Are you looking to benefit from a new career in Software Development? Skills shortages in the IT sector is driving the need for qualified, entry-level career seekers and career changers. We help place graduates from this programme in top UK companies and organisations needing to employ entry-level software development staff that can hit the ground running with up-to-date skills gained from this programme. The best part is you will not need any p... ",https://www.reed.co.uk/jobs/trainee-software-developer/57120410,30000.0,35000.0,Title not junior or graduate; Location not allowed,Reed
Trainee Software Developer,ITOL Recruit,WD173EX,"Are you looking to benefit from a new career in Software Development? Skills shortages in the IT sector is driving the need for qualified, entry-level career seekers and career changers. We help place graduates from this programme in top UK companies and organisations needing to employ entry-level software development staff that can hit the ground running with up-to-date skills gained from this programme. The best part is you will not need any p... ",https://www.reed.co.uk/jobs/trainee-software-developer/57100718,30000.0,35000.0,Title not junior or graduate; Location not allowed,Reed
IT Workshop Apprentice,QA,UB67JD,"Microminder are fast expanding managed service provider supporting health care clients and a variety of businesses in the UK, Republic of Ireland and Europe with over 38 years’ experience in delivering managed IT services to over 2000 clients. Based at our head office in Greenford you will play an integral role in our Workshop team providing support to the Workshop as well as Engineers. You will be responsible for supporting the workshop team in... ",https://www.reed.co.uk/jobs/it-workshop-apprentice/57116180,15999.0,16000.0,Not a software/technical role; Title not junior or graduate; Location not allowed; Salary below minimum,Reed
Graduate Geotechnical Engineer,Penguin Recruitment Ltd,London,"Graduate Geotechnical Design Engineer London 25,000 - 28,000 Penguin Recruitment are pleased to be representing a well-established and highly respected ground engineering consultancy with an excellent reputation for delivering innovative geotechnical and geoenvironmental solutions across the UK. They are looking to recruit an ambitious Graduate Geotechnical Design Engineer to join their expanding London team. Benefits: * Competitive salary * Ful... ",https://www.reed.co.uk/jobs/graduate-geotechnical-engineer/57051349,25000.0,28000.0,Not a software/technical role; Salary below minimum,Reed
IT Support Apprentice,QA,TW195NW,"Ready to kick-start your career in IT? At Inetex, we're a friendly, professional, and customer-focused IT support company providing technology solutions to a wide range of local businesses. We support organisations across industries including logistics, accountancy, engineering, and freight, helping them get the most from their technology every day. About the role: As an IT Support Apprentice, you'll gain hands-on experience working with a varie... ",https://www.reed.co.uk/jobs/it-support-apprentice/57149484,16999.0,17000.0,Not a software/technical role; Title not junior or graduate; Location not allowed; Salary below minimum,Reed
Graduate .NET Developer,Noir,EC3R8EE,"Graduate .NET Developer - Investment Bank - London (Tech stack: Graduate .NET Developer, .NET 10.0, ASP.NET Core, C# 14, Blazor, JavaScript, React, Microservices, Azure, ASP.NET Core Web API, Agile, Azure SQL, Programmer, Full Stack Engineer, Architect, Graduate .NET Developer) Our client is the world's most respected banking institution. Their story dates back to the 1890s and today they operate from over 10,000 offices in 100 countries. Workin... ",https://www.reed.co.uk/jobs/graduate-net-developer/57160891,35000.0,60000.0,Location not allowed,Reed
Graduate / Junior CAD Technician,Ernest Gordon Recruitment Limited,Dartford,"Graduate / Junior CAD Technician 28,000 - 30,000 + Training + Career Progression + Company Benefits Dartford Are you a recent graduate in any Engineering discipline with a background using AutoCAD or SolidWorks, looking for a drawing or design specific role with a growing engineering consultancy working on cutting-edge hydrogen technologies who offer extensive training to develop your skillset and clear progression into senior design positions? ... ",https://www.reed.co.uk/jobs/graduate-junior-cad-technician/57102900,28000.0,30000.0,Not a software/technical role; Experience level too high; Location not allowed; Salary below minimum,Reed
Graduate Executive Search,Virtus Talent,EC4A3AG,"Package: 30K- 35K Basic + Uncapped Commission + Benefits ( 40K OTE Year 1) ( 50K Year 2) 70K Year 3) Kick-start your career in executive search with a high-growth, sociable, and rewarding environment! Are you ambitious, driven, and eager to break into the world of executive search ? Do you have an interest in finance &amp; technology and a passion for doing a job to the best of your ability? About Us We are a specialist Executive Search firm tha... ",https://www.reed.co.uk/jobs/graduate-executive-search/56547022,32500.0,50000.0,Not a software/technical role; Location not allowed,Reed
Graduate Acoustics Engineer - South East (Home based),Penguin Recruitment Ltd,South East England,"My client is a uniquely diverse UK consultancy looking for an Acoustics Engineer to support an increasing workload in noise impact assessment, this is a home based role across the South East of England You should have experience of undertaking noise surveys, using specialist software and working knowledge of environmental acoustics regulation such as BS 4142 and BS 5228. Within this role you will be working on undertaking baseline surveys, repor... ",https://www.reed.co.uk/jobs/graduate-acoustics-engineer-south-east-home-based/57111656,27000.0,32000.0,Location not allowed; Salary below minimum,Reed
Principle Engineer,Penguin Recruitment Ltd,South Croydon,"Senior Geotechnical Design Engineer Location: Croydon Salary: 50,000 - 70,000 Penguin Recruitment are delighted to be representing a leading multidisciplinary engineering consultancy with a strong presence across the UK. Due to continued growth and an increasing project workload, they are looking to recruit an experienced Senior Geotechnical Design Engineer to join their established Croydon team. Benefits of a Senior Geotechnical Design Engineer... ",https://www.reed.co.uk/jobs/principle-engineer/57073577,45000.0,60000.0,Not a software/technical role; Title not junior or graduate; Experience level too high; Location not allowed,Reed
Geotechnical Design Engineer,Penguin Recruitment Ltd,London,"Senior Geotechnical Design Engineer Croydon 50,000 - 70,000 Penguin Recruitment are delighted to be representing a leading multidisciplinary engineering consultancy with a strong presence across the UK. Due to continued growth and an increasing project workload, they are looking to recruit an experienced Senior Geotechnical Design Engineer to join their established London team. Benefits: * Competitive salary * Annual performance bonus * Hybrid w... ",https://www.reed.co.uk/jobs/geotechnical-design-engineer/57051431,50000.0,70000.0,Not a software/technical role; Title not junior or graduate; Experience level too high,Reed
".NET Developer, Graduate / Junior",Noir,EC3R8EE,".NET Developer, Graduate / Junior - Computer Gaming Company - London (Tech stack: Graduate / Junior .NET Developer, .NET 10.0, ASP.NET Core, C# 14, Azure, Angular 21, Vue.js, TypeScript, Multithreading, RESTful, ASP.NET Core Web API, EF Core 10.0, Programmer, Full Stack Engineer, Architect, Graduate / Junior .NET Developer) Having sold over 100 million games consoles and over 500 million games over the last decade, my client is undoubtedly the w... ",https://www.reed.co.uk/jobs/net-developer-graduate-junior/57160869,35000.0,45000.0,Location not allowed,Reed
"Graduate / Junior Developer, Python, Linux, C#, Java - London",Noir,EC3R8EE,"Graduate / Junior Developer, Python, Linux, C#, Java - London (Teck stack: Graduate / Junior Developer, Python, Linux, C#, Java, .NET 10.0, C#, J2EE, Agile, TDD, BDD, Graduate / Junior Developer) Since 2006 our client's revolutionary marketing software platform has been helping businesses all over the world to attract, engage, and delight customers by delivering inbound experiences that are relevant, helpful, and personalized. Having recently la... ",https://www.reed.co.uk/jobs/graduate-junior-developer-python-linux-c-java-london/57160900,30000.0,40000.0,Location not allowed,Reed
Web Developer Trainee,ITOL Recruit,SW1A1AA,"Are you looking to benefit from a new career in Web Development? Skills shortages in the IT sector is driving the need for qualified, entry-level career seekers and career changers. We help place graduates from this programme in top UK companies and organisations needing to employ entry-level software development staff that can hit the ground running with up-to-date skills gained from this programme. The best part is you will not need any previo... ",https://www.reed.co.uk/jobs/web-developer-trainee/57166414,29000.0,35000.0,Title not junior or graduate; Location not allowed; Salary below minimum,Reed
Software Developer Trainee,ITOL Recruit,CH415EU,"Are you looking to benefit from a new career in Software Development? Skills shortages in the IT sector is driving the need for qualified, entry-level career seekers and career changers. We help place graduates from this programme in top UK companies and organisations needing to employ entry-level software development staff that can hit the ground running with up-to-date skills gained from this programme. The best part is you will not need any p... ",https://www.reed.co.uk/jobs/software-developer-trainee/57147775,28000.0,35000.0,Title not junior or graduate; Location not allowed; Salary below minimum,Reed
IT Support Apprentice,QA,L39PP,"We have an exciting opportunity to work as an IT Support Apprentice for Sony! About the role: As an IT Support Apprentice, you will assist in delivering IT support services for game development specialists while gaining hands-on experience across desktop support, service desk operations, and IT infrastructure. Including game development kits, audio visual technology and telephony. You will work closely with experienced engineers, contributing to... ",https://www.reed.co.uk/jobs/it-support-apprentice/57023726,20000.0,20000.0,Not a software/technical role; Title not junior or graduate; Location not allowed; Salary below minimum,Reed
Graduate Design / Structural Engineer,Bennett & Game Recruitment,St. Helens,"Position: Graduate Design / Structural Engineer Location: St Helens, Merseyside Salary: 28,000 - 30,000 Graduate Design / Structural Engineer required. Our client is a well-established and growing design &amp; manufacturer of bespoke solutions for the oil &amp; petrochemical industries, due to ongoing success they are seeking an enthusiastic Graduate Design &amp; Structural Engineer to join the team. Graduate Design / Structural Engineer Positio... ",https://www.reed.co.uk/jobs/graduate-design-structural-engineer/57023441,28000.0,30000.0,Not a software/technical role; Location not allowed; Salary below minimum,Reed
Coding and Programming Trainee,ITOL Recruit,L23SW,"Are you looking to benefit from a new career in Programming? Skills shortages in the IT sector are driving the need for qualified, entry-level career seekers and career changers. We help place graduates from this programme in top UK companies and organisations needing to employ entry-level Programming staff that can hit the ground running with up-to-date skills gained from this programme. The best part is you will not need any previous experienc... ",https://www.reed.co.uk/jobs/coding-and-programming-trainee/57104458,27000.0,35000.0,Not a software/technical role; Title not junior or graduate; Location not allowed; Salary below minimum,Reed
Coding and Programming Trainee,ITOL Recruit,WA101HP,"Are you looking to benefit from a new career in Programming? Skills shortages in the IT sector are driving the need for qualified, entry-level career seekers and career changers. We help place graduates from this programme in top UK companies and organisations needing to employ entry-level Programming staff that can hit the ground running with up-to-date skills gained from this programme. The best part is you will not need any previous experienc... ",https://www.reed.co.uk/jobs/coding-and-programming-trainee/57142861,26000.0,35000.0,Not a software/technical role; Title not junior or graduate; Location not allowed; Salary below minimum,Reed
Coding and Programming Trainee,ITOL Recruit,PR90DZ,"Are you looking to benefit from a new career in Programming? Skills shortages in the IT sector are driving the need for qualified, entry-level career seekers and career changers. We help place graduates from this programme in top UK companies and organisations needing to employ entry-level Programming staff that can hit the ground running with up-to-date skills gained from this programme. The best part is you will not need any previous experienc... ",https://www.reed.co.uk/jobs/coding-and-programming-trainee/57143099,26000.0,35000.0,Not a software/technical role; Title not junior or graduate; Location not allowed; Salary below minimum,Reed
Trainee Web Developer,IT Career Switch,L18JQ,Trainee Web Developer - No Experience Required Are you looking to kick-start a new career as a web developer? We are recruiting for companies who are looking to employ our Coding Traineeship graduates to keep up with their growth. The best part is you will not need any previous experience as full training will be provided. You will also have the reassurance of a job guarantee within 20 miles of your location upon completion. Whether you are work... ,https://www.reed.co.uk/jobs/trainee-web-developer/56451006,25000.0,45000.0,Title not junior or graduate; Location not allowed; Salary below minimum,Reed
Trainee Web Developer,IT Career Switch,WN11AE,Trainee Web Developer - No Experience Required Are you looking to kick-start a new career as a web developer? We are recruiting for companies who are looking to employ our Coding Traineeship graduates to keep up with their growth. The best part is you will not need any previous experience as full training will be provided. You will also have the reassurance of a job guarantee within 20 miles of your location upon completion. Whether you are work... ,https://www.reed.co.uk/jobs/trainee-web-developer/56451143,25000.0,45000.0,Title not junior or graduate; Location not allowed; Salary below minimum,Reed
Trainee Web Developer,IT Career Switch,PR81EW,Trainee Web Developer - No Experience Required Are you looking to kick-start a new career as a web developer? We are recruiting for companies who are looking to employ our Coding Traineeship graduates to keep up with their growth. The best part is you will not need any previous experience as full training will be provided. You will also have the reassurance of a job guarantee within 20 miles of your location upon completion. Whether you are work... ,https://www.reed.co.uk/jobs/trainee-web-developer/56451089,25000.0,45000.0,Title not junior or graduate; Location not allowed; Salary below minimum,Reed
Trainee Web Developer,IT Career Switch,WA101HF,Trainee Web Developer - No Experience Required Are you looking to kick-start a new career as a web developer? We are recruiting for companies who are looking to employ our Coding Traineeship graduates to keep up with their growth. The best part is you will not need any previous experience as full training will be provided. You will also have the reassurance of a job guarantee within 20 miles of your location upon completion. Whether you are work... ,https://www.reed.co.uk/jobs/trainee-web-developer/56451060,25000.0,45000.0,Title not junior or graduate; Location not allowed; Salary below minimum,Reed
Trainee Web Developer,IT Career Switch,WA11RG,Trainee Web Developer - No Experience Required Are you looking to kick-start a new career as a web developer? We are recruiting for companies who are looking to employ our Coding Traineeship graduates to keep up with their growth. The best part is you will not need any previous experience as full training will be provided. You will also have the reassurance of a job guarantee within 20 miles of your location upon completion. Whether you are work... ,https://www.reed.co.uk/jobs/trainee-web-developer/56451139,25000.0,45000.0,Title not junior or graduate; Location not allowed; Salary below minimum,Reed
Trainee Web Developer,IT Career Switch,CH415AL,Trainee Web Developer - No Experience Required Are you looking to kick-start a new career as a web developer? We are recruiting for companies who are looking to employ our Coding Traineeship graduates to keep up with their growth. The best part is you will not need any previous experience as full training will be provided. You will also have the reassurance of a job guarantee within 20 miles of your location upon completion. Whether you are work... ,https://www.reed.co.uk/jobs/trainee-web-developer/56450820,25000.0,45000.0,Title not junior or graduate; Location not allowed; Salary below minimum,Reed
AI Engineer Apprentice,QA,LS12ND,"About Hyperfinity: Hyperfinity use data science and AI to help retailers make profitable pricing, marketing and retail media decisions. Put simply, they help retailers sell the right products, to the right people, for the right price. They employ a mix of tech and people to achieve great results for our clients. They work with a growing list of household names including; Morrisons, Costa Coffee, Hotel Chocolat, Card Factory, Toolstation, Beaverb... ",https://www.reed.co.uk/jobs/ai-engineer-apprentice/57077077,23999.0,24000.0,Title not junior or graduate; Location not allowed; Salary below minimum,Reed
Software Developer Trainee,ITOL Recruit,LS13AD,"Are you looking to benefit from a new career in Software Development? Skills shortages in the IT sector is driving the need for qualified, entry-level career seekers and career changers. We help place graduates from this programme in top UK companies and organisations needing to employ entry-level software development staff that can hit the ground running with up-to-date skills gained from this programme. The best part is you will not need any p... ",https://www.reed.co.uk/jobs/software-developer-trainee/57147629,28000.0,35000.0,Title not junior or graduate; Location not allowed; Salary below minimum,Reed
Trainee Software Developer,ITOL Recruit,Leeds,"Are you looking to benefit from a new career in Software Development? Skills shortages in the IT sector is driving the need for qualified, entry-level career seekers and career changers. We help place graduates from this programme in top UK companies and organisations needing to employ entry-level software development staff that can hit the ground running with up-to-date skills gained from this programme. The best part is you will not need any p... ",https://www.reed.co.uk/jobs/trainee-software-developer/57142895,30000.0,45000.0,Title not junior or graduate,Reed
Automation & Software Developer,Equals One,LS101EY,"Automation &amp; Software Developer Location: Leeds (Office Based) Salary: 26,000 to 32,000 per annum + Benefits Job Type: Full Time, Permanent About the Role Batch'd and Vyve are fast-growing retail brands investing heavily in technology, automation and AI to support their continued growth. We are looking for a highly motivated Automation &amp; Software Developer to work directly with the Technical Director, helping to design, build and maintai... ",https://www.reed.co.uk/jobs/automation-software-developer/57163719,26000.0,32000.0,Title not junior or graduate; Location not allowed; Salary below minimum,Reed
IT Support Apprentice,QA,BD214LG,"Teconnex are a global leader in providing engineered clamping solutions for the emissions market while investing in new joining technology. Teconnex have their UK head office in Bradford and have offices in India, Mexico, China &amp; Romania with potential to travel in the future. Teconnex are looking for their next IT Support Apprentice to join their growing UK Hub. Responsibilities: Provide technical support to end-users at the Keighley factor... ",https://www.reed.co.uk/jobs/it-support-apprentice/57157530,16499.0,16500.0,Not a software/technical role; Title not junior or graduate; Location not allowed; Salary below minimum,Reed
Graduate Structural Engineer,Penguin Recruitment Ltd,Leeds,"Graduate Structural Engineer Location: Leeds Employment Type: Full-Time, Permanent Working Arrangement: Office-Based / Onsite Requirement: Full UK driving licence required for travel to project sites. About the Role An established engineering consultancy is seeking a Graduate Structural Engineer to join its growing team. This opportunity would suit either a recent graduate or an individual with relevant post-graduate experience within the transp... ",https://www.reed.co.uk/jobs/graduate-structural-engineer/57054279,26000.0,32000.0,Not a software/technical role; Salary below minimum,Reed
Graduate Structural Engineer,Additional Resources Ltd,LS12TE,"An opportunity has arisen for a Junior Structural Engineer to join well-established UK engineering consultancy with a client-centric, multi-disciplinary approach and multiple nationwide offices. As a Junior Structural Engineer , you will support the delivery of structural engineering designs, assessments, and project coordination across varied developments. This role offers benefits, a salary of 28,000 which can be increased for the right candid... ",https://www.reed.co.uk/jobs/graduate-structural-engineer/57064261,28000.0,28000.0,Not a software/technical role; Location not allowed; Salary below minimum,Reed
Senior Civil Engineer,Penguin Recruitment Ltd,Leeds,"Senior Civil Engineer Location: Leeds Due to continued growth and a strong forward workload, my client is seeking a Senior Civil Engineer to join the Leeds team. This role offers an excellent opportunity to work within a leading private engineering consultancy, delivering a diverse range of UK-based projects across the residential, retail, commercial, leisure, education, and industrial sectors. Key Responsibilities of this Senior Civil Engineer ... ",https://www.reed.co.uk/jobs/senior-civil-engineer/57054612,44000.0,54000.0,Not a software/technical role; Title not junior or graduate; Experience level too high,Reed
Civil Engineer / Civil Technician,Additional Resources Ltd,LS12TE,"An opportunity has arisen for a Civil Engineer / Civil Technician to join well-established UK engineering consultancy with a client-centric, multi-disciplinary approach and multiple nationwide offices. We are hiring for either an engineer or a technician. Role purpose: Civil Engineer : Design and deliver civil engineering infrastructure projects, developing engineering solutions and supporting projects from concept to completion. Civil Technicia... ",https://www.reed.co.uk/jobs/civil-engineer-civil-technician/57064581,30000.0,30000.0,Not a software/technical role; Title not junior or graduate; Location not allowed,Reed
Web Developer Trainee,ITOL Recruit,LS13AD,"Are you looking to benefit from a new career in Web Development? Skills shortages in the IT sector is driving the need for qualified, entry-level career seekers and career changers. We help place graduates from this programme in top UK companies and organisations needing to employ entry-level software development staff that can hit the ground running with up-to-date skills gained from this programme. The best part is you will not need any previo... ",https://www.reed.co.uk/jobs/web-developer-trainee/57147925,29000.0,35000.0,Title not junior or graduate; Location not allowed; Salary below minimum,Reed
Trainee Web Developer,ITOL Recruit,LS13AD,"Are you looking to benefit from a new career in Web Development? Skills shortages in the IT sector is driving the need for qualified, entry-level career seekers and career changers. We help place graduates from this programme in top UK companies and organisations needing to employ entry-level software development staff that can hit the ground running with up-to-date skills gained from this programme. The best part is you will not need any previo... ",https://www.reed.co.uk/jobs/trainee-web-developer/57095983,29000.0,35000.0,Title not junior or graduate; Location not allowed; Salary below minimum,Reed
Web Developer Trainee,ITOL Recruit,HD11BG,"Are you looking to benefit from a new career in Web Development? Skills shortages in the IT sector is driving the need for qualified, entry-level career seekers and career changers. We help place graduates from this programme in top UK companies and organisations needing to employ entry-level software development staff that can hit the ground running with up-to-date skills gained from this programme. The best part is you will not need any previo... ",https://www.reed.co.uk/jobs/web-developer-trainee/57115456,29000.0,35000.0,Title not junior or graduate; Location not allowed; Salary below minimum,Reed
Coding and Programming Trainee,ITOL Recruit,LS13AD,"Are you looking to benefit from a new career in Programming? Skills shortages in the IT sector are driving the need for qualified, entry-level career seekers and career changers. We help place graduates from this programme in top UK companies and organisations needing to employ entry-level Programming staff that can hit the ground running with up-to-date skills gained from this programme. The best part is you will not need any previous experienc... ",https://www.reed.co.uk/jobs/coding-and-programming-trainee/57161240,27000.0,35000.0,Not a software/technical role; Title not junior or graduate; Location not allowed; Salary below minimum,Reed
Coding and Programming Trainee,ITOL Recruit,HG13DZ,"Are you looking to benefit from a new career in Programming? Skills shortages in the IT sector are driving the need for qualified, entry-level career seekers and career changers. We help place graduates from this programme in top UK companies and organisations needing to employ entry-level Programming staff that can hit the ground running with up-to-date skills gained from this programme. The best part is you will not need any previous experienc... ",https://www.reed.co.uk/jobs/coding-and-programming-trainee/57100037,27000.0,35000.0,Not a software/technical role; Title not junior or graduate; Location not allowed; Salary below minimum,Reed
Trainee Web Developer,IT Career Switch,LS14DY,Trainee Web Developer - No Experience Required Are you looking to kick-start a new career as a web developer? We are recruiting for companies who are looking to employ our Coding Traineeship graduates to keep up with their growth. The best part is you will not need any previous experience as full training will be provided. You will also have the reassurance of a job guarantee within 20 miles of your location upon completion. Whether you are work... ,https://www.reed.co.uk/jobs/trainee-web-developer/56450998,25000.0,45000.0,Title not junior or graduate; Location not allowed; Salary below minimum,Reed
Trainee Web Developer,IT Career Switch,HX11QL,Trainee Web Developer - No Experience Required Are you looking to kick-start a new career as a web developer? We are recruiting for companies who are looking to employ our Coding Traineeship graduates to keep up with their growth. The best part is you will not need any previous experience as full training will be provided. You will also have the reassurance of a job guarantee within 20 miles of your location upon completion. Whether you are work... ,https://www.reed.co.uk/jobs/trainee-web-developer/56450973,25000.0,45000.0,Title not junior or graduate; Location not allowed; Salary below minimum,Reed
Trainee Web Developer,IT Career Switch,BD11HY,Trainee Web Developer - No Experience Required Are you looking to kick-start a new career as a web developer? We are recruiting for companies who are looking to employ our Coding Traineeship graduates to keep up with their growth. The best part is you will not need any previous experience as full training will be provided. You will also have the reassurance of a job guarantee within 20 miles of your location upon completion. Whether you are work... ,https://www.reed.co.uk/jobs/trainee-web-developer/56450836,25000.0,45000.0,Title not junior or graduate; Location not allowed; Salary below minimum,Reed
Trainee Web Developer,IT Career Switch,HD12QB,Trainee Web Developer - No Experience Required Are you looking to kick-start a new career as a web developer? We are recruiting for companies who are looking to employ our Coding Traineeship graduates to keep up with their growth. The best part is you will not need any previous experience as full training will be provided. You will also have the reassurance of a job guarantee within 20 miles of your location upon completion. Whether you are work... ,https://www.reed.co.uk/jobs/trainee-web-developer/56450993,25000.0,45000.0,Title not junior or graduate; Location not allowed; Salary below minimum,Reed
Junior CNC Spring Maker,Bennett & Game Recruitment,Keighley,"Apprentice CNC Machine Setter / Operator required for a specialist precision manufacturing company based in the Keighley, West Yorkshire area. This position is responsible for learning the manufacture of precision springs, wire forms and pressings using CNC spring-making machinery. The successful candidate will receive structured training with the opportunity to progress into a fully skilled CNC Machine Setter / Spring Maker. The company is also... ",https://www.reed.co.uk/jobs/junior-cnc-spring-maker/57126632,20000.0,35000.0,Not a software/technical role; Location not allowed; Salary below minimum,Reed
Head of A Level Maths,Randstad Education,Leeds,"Are you ready to lead a dedicated department where students actively choose to study mathematics to fuel their career ambitions? Are you seeking a permanent, career-defining role in Leeds starting this September where your expertise will be genuinely celebrated? Can you command a classroom of high-achieving, tech-savvy minds and inspire them to see the beauty within complex equations? About the Role This pivotal leadership position requires an i... ",https://www.reed.co.uk/jobs/head-of-a-level-maths/57038943,32916.0,51048.0,Not a software/technical role; Title not junior or graduate,Reed
Trainee Website Administrator,ITOL Recruit,Leeds,"If you are looking to progress a career in website administrator, then this training and placement programme is made for you? Skills shortages in the IT sector is driving the need for qualified, entry-level career seekers and career changers. All you need is a desire to work hard and invest some time and money in yourself to build the foundations for a new career. We help you start your career journey in programming by firstly ensuring you have ... ",https://www.reed.co.uk/jobs/trainee-website-administrator/57124937,28000.0,35000.0,Not a software/technical role; Title not junior or graduate; Salary below minimum,Reed
IT Engineer Degree Apprentice,QA,SK42QP,"Emmaus Catholic Academy Trust is a growing multi-academy trust serving schools across Greater Manchester, including Manchester, Oldham, Stockport, Tameside and Trafford. As a family of Catholic schools, Emmaus CAT is committed to providing outstanding education, supporting over 5,500 pupils and employing more than 700 staff across its schools. Our mission is to work collaboratively as a family of great schools, strong in faith and serving societ... ",https://www.reed.co.uk/jobs/it-engineer-degree-apprentice/57129334,29064.0,32061.0,Not a software/technical role; Title not junior or graduate; Location not allowed; Salary below minimum,Reed
Trainee Software Developer,ITOL Recruit,Manchester,"Are you looking to benefit from a new career in Software Development? Skills shortages in the IT sector is driving the need for qualified, entry-level career seekers and career changers. We help place graduates from this programme in top UK companies and organisations needing to employ entry-level software development staff that can hit the ground running with up-to-date skills gained from this programme. The best part is you will not need any p... ",https://www.reed.co.uk/jobs/trainee-software-developer/57120295,29000.0,35000.0,Title not junior or graduate; Salary below minimum,Reed
Trainee Software Developer,ITOL Recruit,OL11UH,"Are you looking to benefit from a new career in Software Development? Skills shortages in the IT sector is driving the need for qualified, entry-level career seekers and career changers. We help place graduates from this programme in top UK companies and organisations needing to employ entry-level software development staff that can hit the ground running with up-to-date skills gained from this programme. The best part is you will not need any p... ",https://www.reed.co.uk/jobs/trainee-software-developer/57120411,30000.0,35000.0,Title not junior or graduate; Location not allowed,Reed
Mechanical Engineer,	 Finlay Jude Associates Limited,OL101AA,"Mechanical Engineer Location: Heywood, Greater Manchester Contract Type: Full-Time, Permanent Hours: Office-based, standard business hours with occasional site visits Reporting To: Engineering Manager About the Role Our client is seeking a Mechanical Engineer to join their engineering team in Heywood. This is an excellent opportunity for either a Graduate Mechanical Engineer or an experienced engineer looking to develop their career within a spe... ",https://www.reed.co.uk/jobs/mechanical-engineer/57145826,28000.0,30000.0,Not a software/technical role; Title not junior or graduate; Experience level too high; Location not allowed; Salary below minimum,Reed
".NET Developer, Graduate / Junior",Noir,M11AR,".NET Developer, Graduate / Junior - Computer Gaming Co - Manchester (Tech stack: Graduate / Junior .NET Developer, .NET 10.0, ASP.NET Core, C# 14, Azure, Angular 21, Vue.js, TypeScript, Multithreading, RESTful, ASP.NET Core Web API, EF Core 10.0, Programmer, Full Stack Engineer, Architect, Graduate / Junior .NET Developer) Having sold over 100 million games consoles and over 500 million games over the last decade, my client is undoubtedly the wo... ",https://www.reed.co.uk/jobs/net-developer-graduate-junior/57160887,35000.0,45000.0,Location not allowed,Reed
Web Developer Trainee,ITOL Recruit,M25DB,"Are you looking to benefit from a new career in Web Development? Skills shortages in the IT sector is driving the need for qualified, entry-level career seekers and career changers. We help place graduates from this programme in top UK companies and organisations needing to employ entry-level software development staff that can hit the ground running with up-to-date skills gained from this programme. The best part is you will not need any previo... ",https://www.reed.co.uk/jobs/web-developer-trainee/57166395,29000.0,35000.0,Title not junior or graduate; Location not allowed; Salary below minimum,Reed
Web Developer Trainee,ITOL Recruit,SK11AP,"Are you looking to benefit from a new career in Web Development? Skills shortages in the IT sector is driving the need for qualified, entry-level career seekers and career changers. We help place graduates from this programme in top UK companies and organisations needing to employ entry-level software development staff that can hit the ground running with up-to-date skills gained from this programme. The best part is you will not need any previo... ",https://www.reed.co.uk/jobs/web-developer-trainee/57138155,29000.0,35000.0,Title not junior or graduate; Location not allowed; Salary below minimum,Reed
Web Developer Trainee,ITOL Recruit,BL11RU,"Are you looking to benefit from a new career in Web Development? Skills shortages in the IT sector is driving the need for qualified, entry-level career seekers and career changers. We help place graduates from this programme in top UK companies and organisations needing to employ entry-level software development staff that can hit the ground running with up-to-date skills gained from this programme. The best part is you will not need any previo... ",https://www.reed.co.uk/jobs/web-developer-trainee/57138093,29000.0,35000.0,Title not junior or graduate; Location not allowed; Salary below minimum,Reed
Coding and Programming Trainee,ITOL Recruit,M25DB,"Are you looking to benefit from a new career in Programming? Skills shortages in the IT sector are driving the need for qualified, entry-level career seekers and career changers. We help place graduates from this programme in top UK companies and organisations needing to employ entry-level Programming staff that can hit the ground running with up-to-date skills gained from this programme. The best part is you will not need any previous experienc... ",https://www.reed.co.uk/jobs/coding-and-programming-trainee/57115079,27000.0,35000.0,Not a software/technical role; Title not junior or graduate; Location not allowed; Salary below minimum,Reed
Coding and Programming Trainee,ITOL Recruit,OL161AZ,"Are you looking to benefit from a new career in Programming? Skills shortages in the IT sector are driving the need for qualified, entry-level career seekers and career changers. We help place graduates from this programme in top UK companies and organisations needing to employ entry-level Programming staff that can hit the ground running with up-to-date skills gained from this programme. The best part is you will not need any previous experienc... ",https://www.reed.co.uk/jobs/coding-and-programming-trainee/57143029,26000.0,35000.0,Not a software/technical role; Title not junior or graduate; Location not allowed; Salary below minimum,Reed
Trainee Web Developer,IT Career Switch,M11AE,Trainee Web Developer - No Experience Required Are you looking to kick-start a new career as a web developer? We are recruiting for companies who are looking to employ our Coding Traineeship graduates to keep up with their growth. The best part is you will not need any previous experience as full training will be provided. You will also have the reassurance of a job guarantee within 20 miles of your location upon completion. Whether you are work... ,https://www.reed.co.uk/jobs/trainee-web-developer/56451012,25000.0,45000.0,Title not junior or graduate; Location not allowed; Salary below minimum,Reed
Trainee Web Developer,IT Career Switch,SK11EB,Trainee Web Developer - No Experience Required Are you looking to kick-start a new career as a web developer? We are recruiting for companies who are looking to employ our Coding Traineeship graduates to keep up with their growth. The best part is you will not need any previous experience as full training will be provided. You will also have the reassurance of a job guarantee within 20 miles of your location upon completion. Whether you are work... ,https://www.reed.co.uk/jobs/trainee-web-developer/56451117,25000.0,45000.0,Title not junior or graduate; Location not allowed; Salary below minimum,Reed
Trainee Web Developer,IT Career Switch,M502EQ,Trainee Web Developer - No Experience Required Are you looking to kick-start a new career as a web developer? We are recruiting for companies who are looking to employ our Coding Traineeship graduates to keep up with their growth. The best part is you will not need any previous experience as full training will be provided. You will also have the reassurance of a job guarantee within 20 miles of your location upon completion. Whether you are work... ,https://www.reed.co.uk/jobs/trainee-web-developer/56451064,25000.0,45000.0,Title not junior or graduate; Location not allowed; Salary below minimum,Reed
Trainee Web Developer,IT Career Switch,OL11AD,Trainee Web Developer - No Experience Required Are you looking to kick-start a new career as a web developer? We are recruiting for companies who are looking to employ our Coding Traineeship graduates to keep up with their growth. The best part is you will not need any previous experience as full training will be provided. You will also have the reassurance of a job guarantee within 20 miles of your location upon completion. Whether you are work... ,https://www.reed.co.uk/jobs/trainee-web-developer/56451030,25000.0,45000.0,Title not junior or graduate; Location not allowed; Salary below minimum,Reed
Trainee Web Developer,IT Career Switch,BL11TS,Trainee Web Developer - No Experience Required Are you looking to kick-start a new career as a web developer? We are recruiting for companies who are looking to employ our Coding Traineeship graduates to keep up with their growth. The best part is you will not need any previous experience as full training will be provided. You will also have the reassurance of a job guarantee within 20 miles of your location upon completion. Whether you are work... ,https://www.reed.co.uk/jobs/trainee-web-developer/56450832,25000.0,45000.0,Title not junior or graduate; Location not allowed; Salary below minimum,Reed
Trainee Web Developer,IT Career Switch,OL161XU,Trainee Web Developer - No Experience Required Are you looking to kick-start a new career as a web developer? We are recruiting for companies who are looking to employ our Coding Traineeship graduates to keep up with their growth. The best part is you will not need any previous experience as full training will be provided. You will also have the reassurance of a job guarantee within 20 miles of your location upon completion. Whether you are work... ,https://www.reed.co.uk/jobs/trainee-web-developer/56451055,25000.0,45000.0,Title not junior or graduate; Location not allowed; Salary below minimum,Reed
Trainee Web Developer,IT Career Switch,M337XN,Trainee Web Developer - No Experience Required Are you looking to kick-start a new career as a web developer? We are recruiting for companies who are looking to employ our Coding Traineeship graduates to keep up with their growth. The best part is you will not need any previous experience as full training will be provided. You will also have the reassurance of a job guarantee within 20 miles of your location upon completion. Whether you are work... ,https://www.reed.co.uk/jobs/trainee-web-developer/56451061,25000.0,45000.0,Title not junior or graduate; Location not allowed; Salary below minimum,Reed
Graduate Software Developer,Oscar Technology,Nottingham,"Graduate Software Developer - Hybrid - Nottingham - C# .NET/Angular/Azure - 30,000 The Role An innovative, industry-leading software company based in Nottingham is looking for a Graduate Software Developer to join their growing Development team and help support their ambitious expansion plans. This is an excellent opportunity for a recent graduate to kick-start their career working across a diverse product suite, gaining exposure to the full sof... ",https://www.reed.co.uk/jobs/graduate-software-developer/57026015,28000.0,30000.0,Location not allowed; Salary below minimum,Reed
Graduate Software Developer,Oscar Technology,Bristol,"Graduate Software Developer | Bristol | C#/Python/C++/JavaScript | The Role We have an exciting opportunity for a Graduate Software Developer to join a growing technology company delivering innovative software solutions across cyber security, defence, telecommunications, finance, rail and aerospace. You'll work alongside experienced software engineers to design, develop, test and maintain software applications, while gaining exposure to the late... ",https://www.reed.co.uk/jobs/graduate-software-developer/57110011,28000.0,35000.0,Location not allowed; Salary below minimum,Reed
Graduate Software Engineer,Oscar Technology,Derbyshire,"Graduate Software Engineer - Derbyshire - C++/SQL/React - 25,000 - 30,000 The Role We have an exciting opening for a proactive Graduate Software Engineer to join a growing development team, delivering high-performance software solutions for engineering and simulation projects, once your degree has finished in May/June 2026. This position focuses on modern C++ development, software design, and engineering best practices. You'll participate in all... ",https://www.reed.co.uk/jobs/graduate-software-engineer/56947895,25000.0,30000.0,Location not allowed; Salary below minimum,Reed
Graduate Embedded Software Engineer,	 ZENOVO LTD,BS16QF,"Graduate Embedded Software Engineer Location: Bristol, UK Salary: Up to 35,000 + Discretionary Bonus &amp; Benefits Type: Full-Time, Permanent We’re currently recruiting on behalf of a leading technology company based in Bristol, who are looking to hire a Graduate Embedded Software Engineer to join their growing development team from September 2026. This is an exciting opportunity for recent graduates or early-career engineers to join a collabor... ",https://www.reed.co.uk/jobs/graduate-embedded-software-engineer/57073805,30000.0,35000.0,Location not allowed,Reed
Junior Software Developer,First Databank,EX13QS,"Junior Software Developer Exeter, Devon About Us At FDB (First Databank), we're part of the Hearst Health network, and we create and deliver the world's most trusted drug knowledge, enabling healthcare professionals to make critical decisions that improve patient safety, efficiency, and outcomes. Our solutions are embedded across hospitals, GP practices, pharmacies, and wider healthcare systems, supporting millions of patients every day. Our val... ",https://www.reed.co.uk/jobs/junior-software-developer/57149183,,,Location not allowed,Reed
Embedded Software Engineer,	 ZENOVO LTD,Bristol,"Job Title : Embedded Software Engineer Location : Bristol (3 Days On-Site Per Week) Salary : Up to 42,500 + Bonus &amp; Benefits NOTE : Only candidates with permanent, unrestricted UK working rights will be considered, as visa sponsorship is not offered for this position. Overview :&nbsp; This is an exciting opportunity for recent graduates or early-career engineers to join a collaborative and innovative engineering environment with a business a... ",https://www.reed.co.uk/jobs/embedded-software-engineer/57159737,37500.0,42500.0,Title not junior or graduate; Location not allowed,Reed
Trainee Software Developer,ITOL Recruit,S401LP,"Are you looking to benefit from a new career in Software Development? Skills shortages in the IT sector is driving the need for qualified, entry-level career seekers and career changers. We help place graduates from this programme in top UK companies and organisations needing to employ entry-level software development staff that can hit the ground running with up-to-date skills gained from this programme. The best part is you will not need any p... ",https://www.reed.co.uk/jobs/trainee-software-developer/57138268,29000.0,35000.0,Title not junior or graduate; Location not allowed; Salary below minimum,Reed
Software Developer Trainee,ITOL Recruit,LE19BG,"Are you looking to benefit from a new career in Software Development? Skills shortages in the IT sector is driving the need for qualified, entry-level career seekers and career changers. We help place graduates from this programme in top UK companies and organisations needing to employ entry-level software development staff that can hit the ground running with up-to-date skills gained from this programme. The best part is you will not need any p... ",https://www.reed.co.uk/jobs/software-developer-trainee/57138151,30000.0,35000.0,Title not junior or graduate; Location not allowed,Reed
Trainee Software Developer,ITOL Recruit,B33DQ,"Are you looking to benefit from a new career in Software Development? Skills shortages in the IT sector is driving the need for qualified, entry-level career seekers and career changers. We help place graduates from this programme in top UK companies and organisations needing to employ entry-level software development staff that can hit the ground running with up-to-date skills gained from this programme. The best part is you will not need any p... ",https://www.reed.co.uk/jobs/trainee-software-developer/57161180,26000.0,35000.0,Title not junior or graduate; Location not allowed; Salary below minimum,Reed
Trainee Software Developer,ITOL Recruit,B736AB,"Are you looking to benefit from a new career in Software Development? Skills shortages in the IT sector is driving the need for qualified, entry-level career seekers and career changers. We help place graduates from this programme in top UK companies and organisations needing to employ entry-level software development staff that can hit the ground running with up-to-date skills gained from this programme. The best part is you will not need any p... ",https://www.reed.co.uk/jobs/trainee-software-developer/57120290,30000.0,35000.0,Title not junior or graduate; Location not allowed,Reed
Trainee Software Developer,ITOL Recruit,BB111AE,"Are you looking to benefit from a new career in Software Development? Skills shortages in the IT sector is driving the need for qualified, entry-level career seekers and career changers. We help place graduates from this programme in top UK companies and organisations needing to employ entry-level software development staff that can hit the ground running with up-to-date skills gained from this programme. The best part is you will not need any p... ",https://www.reed.co.uk/jobs/trainee-software-developer/57115296,27000.0,35000.0,Title not junior or graduate; Location not allowed; Salary below minimum,Reed
Software Developer Trainee,ITOL Recruit,G11AB,"Are you looking to benefit from a new career in Software Development? Skills shortages in the IT sector is driving the need for qualified, entry-level career seekers and career changers. We help place graduates from this programme in top UK companies and organisations needing to employ entry-level software development staff that can hit the ground running with up-to-date skills gained from this programme. The best part is you will not need any p... ",https://www.reed.co.uk/jobs/software-developer-trainee/57142956,30000.0,35000.0,Title not junior or graduate; Location not allowed,Reed
Trainee Software Developer,ITOL Recruit,S602TH,"Are you looking to benefit from a new career in Software Development? Skills shortages in the IT sector is driving the need for qualified, entry-level career seekers and career changers. We help place graduates from this programme in top UK companies and organisations needing to employ entry-level software development staff that can hit the ground running with up-to-date skills gained from this programme. The best part is you will not need any p... ",https://www.reed.co.uk/jobs/trainee-software-developer/57115176,30000.0,35000.0,Title not junior or graduate; Location not allowed,Reed
Trainee Software Developer,ITOL Recruit,BN214UG,"Are you looking to benefit from a new career in Software Development? Skills shortages in the IT sector is driving the need for qualified, entry-level career seekers and career changers. We help place graduates from this programme in top UK companies and organisations needing to employ entry-level software development staff that can hit the ground running with up-to-date skills gained from this programme. The best part is you will not need any p... ",https://www.reed.co.uk/jobs/trainee-software-developer/57115129,30000.0,35000.0,Title not junior or graduate; Location not allowed,Reed
Junior Software Developer,Plum Personnel,GU98AD,"JUNIOR SOFTWARE DEVELOPER Location: Hybrid / Remote (UK-based) Salary: Circa 30,000 The Opportunity An exciting opportunity has arisen for a Junior Software Developer to join an innovative technology business ahead of the launch of a brand-new software application for the architecture and building design sector. Joining the team several months before the product launches, you'll have the opportunity to immerse yourself in the software, working a... ",https://www.reed.co.uk/jobs/junior-software-developer/57127322,,,Location not allowed,Reed
Trainee Software Developer,ITOL Recruit,WV12SH,"Are you looking to benefit from a new career in Software Development? Skills shortages in the IT sector is driving the need for qualified, entry-level career seekers and career changers. We help place graduates from this programme in top UK companies and organisations needing to employ entry-level software development staff that can hit the ground running with up-to-date skills gained from this programme. The best part is you will not need any p... ",https://www.reed.co.uk/jobs/trainee-software-developer/57166488,29000.0,35000.0,Title not junior or graduate; Location not allowed; Salary below minimum,Reed
Software Developer Trainee,ITOL Recruit,SR13AA,"Are you looking to benefit from a new career in Software Development? Skills shortages in the IT sector is driving the need for qualified, entry-level career seekers and career changers. We help place graduates from this programme in top UK companies and organisations needing to employ entry-level software development staff that can hit the ground running with up-to-date skills gained from this programme. The best part is you will not need any p... ",https://www.reed.co.uk/jobs/software-developer-trainee/57166214,28000.0,35000.0,Title not junior or graduate; Location not allowed; Salary below minimum,Reed
Software Developer Trainee,ITOL Recruit,S12HH,"Are you looking to benefit from a new career in Software Development? Skills shortages in the IT sector is driving the need for qualified, entry-level career seekers and career changers. We help place graduates from this programme in top UK companies and organisations needing to employ entry-level software development staff that can hit the ground running with up-to-date skills gained from this programme. The best part is you will not need any p... ",https://www.reed.co.uk/jobs/software-developer-trainee/57124993,26000.0,35000.0,Title not junior or graduate; Location not allowed; Salary below minimum,Reed
Software Developer Trainee,ITOL Recruit,ST41RN,"Are you looking to benefit from a new career in Software Development? Skills shortages in the IT sector is driving the need for qualified, entry-level career seekers and career changers. We help place graduates from this programme in top UK companies and organisations needing to employ entry-level software development staff that can hit the ground running with up-to-date skills gained from this programme. The best part is you will not need any p... ",https://www.reed.co.uk/jobs/software-developer-trainee/57147597,28000.0,35000.0,Title not junior or graduate; Location not allowed; Salary below minimum,Reed
Trainee Software Developer,ITOL Recruit,RG214AH,"Are you looking to benefit from a new career in Software Development? Skills shortages in the IT sector is driving the need for qualified, entry-level career seekers and career changers. We help place graduates from this programme in top UK companies and organisations needing to employ entry-level software development staff that can hit the ground running with up-to-date skills gained from this programme. The best part is you will not need any p... ",https://www.reed.co.uk/jobs/trainee-software-developer/57143222,29000.0,35000.0,Title not junior or graduate; Location not allowed; Salary below minimum,Reed
.NET Software Developer,FDM Group,United Kingdom,"About The Role FDM is a global business and technology consultancy seeking a .NET Software Developer to work for our client within the Public Sector sector. This is initially a 6 month contract with very good prospects to extend and will be a hybrid role based in London,Bristol, Liverpool, Manchester, Leeds, Birmingham and Newcastle. Our client is seeking a Mid-Senior .NET Software Developer to maintain and enhance a critical Investment Programm... ",https://www.reed.co.uk/jobs/net-software-developer/57135168,45000.0,50000.0,Title not junior or graduate; Experience level too high; Location not allowed,Reed
Trainee Software Developer,ITOL Recruit,EH88BG,"Trainee Coding Programme – No Experience Needed Future-proof your career in Coding – starting today. Looking for a career change? Maybe you’re already working but want a more technical role with better long-term prospects. Or you could be between jobs and ready for a fresh start in tech. The ITOL Recruit Coding Job Programme is designed to help you move into a high-demand coding role, even if you have no prior experience. Train online at your ow... ",https://www.reed.co.uk/jobs/trainee-software-developer/57166208,30000.0,45000.0,Title not junior or graduate; Location not allowed,Reed
Senior Software Engineer,Connor Fox Recruitment Solutions,Edinburgh,"Senior Software Engineer Location: Edinburgh, Scotland - Onsite We are seeking an experienced Senior Software Engineer to join an amazing team, contributing across the full development lifecycle, from technical discovery and architectural design to rapid prototyping, backlog refinement, development, deployment, and operations. Who are they? Our client are a growing scale-up, they are building a team of people who value creativity, autonomy, and ... ",https://www.reed.co.uk/jobs/senior-software-engineer/57072018,,,Title not junior or graduate; Experience level too high,Reed
Junior AI Developer,Newto Training,United Kingdom,"Are you ready to start a new career in AI Engineering? AI is expected to generate 170 million jobs by 2030 and at present experienced professionals can earn salaries of upwards of 66,000. In today’s digital world, AI is transforming every aspect of our lives and is at the heart of modern technological advancements. As skills shortages continue to grow, the demand for qualified entry-level professionals is on the rise. Your journey to a new caree... ",https://www.reed.co.uk/jobs/junior-ai-developer/57079362,20000.0,50000.0,Location not allowed; Salary below minimum,Reed
Senior Software Engineer - C# / .NET - Near Edinburgh - 70K,SRG,EH24QZ,Senior Software Engineer - C# / .NET (Web and Windows) - Near Edinburgh Hybrid - 70K plus Bonus Lorien's longstanding client based near Edinburgh - a leader in their industry with a growing and award-winning product line making a huge difference around the globe - have asked us to help them in their searches for a Senior Software Engineer with .Net skills across Web and Windows applications. This is a hands-on development role with a strong focu... ,https://www.reed.co.uk/jobs/senior-software-engineer-c-net-near-edinburgh-70k/57069095,60000.0,70000.0,Title not junior or graduate; Experience level too high; Location not allowed,Reed
Trainee AI Engineer,Newto Training,United Kingdom,"Are you ready to start a new career in AI Engineering? AI is expected to generate 170 million jobs by 2030 and at present experienced professionals can earn salaries of upwards of 66,000. In today’s digital world, AI is transforming every aspect of our lives and is at the heart of modern technological advancements. As skills shortages continue to grow, the demand for qualified entry-level professionals is on the rise. Your journey to a new caree... ",https://www.reed.co.uk/jobs/trainee-ai-engineer/57079376,20000.0,50000.0,Not a software/technical role; Title not junior or graduate; Location not allowed; Salary below minimum,Reed
Junior Machine Learner,Newto Training,United Kingdom,"Are you ready to start a new career in AI Engineering? AI is expected to generate 170 million jobs by 2030 and at present experienced professionals can earn salaries of upwards of 66,000. In today’s digital world, AI is transforming every aspect of our lives and is at the heart of modern technological advancements. As skills shortages continue to grow, the demand for qualified entry-level professionals is on the rise. Your journey to a new caree... ",https://www.reed.co.uk/jobs/junior-machine-learner/57079334,20000.0,50000.0,Not a software/technical role; Location not allowed; Salary below minimum,Reed
Junior AI Engineer,Newto Training,United Kingdom,"Are you ready to start a new career in AI Engineering? AI is expected to generate 170 million jobs by 2030 and at present experienced professionals can earn salaries of upwards of 66,000. In today’s digital world, AI is transforming every aspect of our lives and is at the heart of modern technological advancements. As skills shortages continue to grow, the demand for qualified entry-level professionals is on the rise. Your journey to a new caree... ",https://www.reed.co.uk/jobs/junior-ai-engineer/57079372,20000.0,50000.0,Not a software/technical role; Location not allowed; Salary below minimum,Reed
Trainee AI Engineer - job guarantee,Newto Training,United Kingdom,"Are you ready to start a new career in AI Engineering? AI is expected to generate 170 million jobs by 2030 and at present experienced professionals can earn salaries of upwards of 66,000. In today’s digital world, AI is transforming every aspect of our lives and is at the heart of modern technological advancements. As skills shortages continue to grow, the demand for qualified entry-level professionals is on the rise. Your journey to a new caree... ",https://www.reed.co.uk/jobs/trainee-ai-engineer-job-guarantee/57079368,20000.0,50000.0,Not a software/technical role; Title not junior or graduate; Location not allowed; Salary below minimum,Reed
Junior AI Engineer - job guarantee,Newto Training,United Kingdom,"Are you ready to start a new career in AI Engineering? AI is expected to generate 170 million jobs by 2030 and at present experienced professionals can earn salaries of upwards of 66,000. In today’s digital world, AI is transforming every aspect of our lives and is at the heart of modern technological advancements. As skills shortages continue to grow, the demand for qualified entry-level professionals is on the rise. Your journey to a new caree... ",https://www.reed.co.uk/jobs/junior-ai-engineer-job-guarantee/57079367,20000.0,50000.0,Not a software/technical role; Location not allowed; Salary below minimum,Reed
Trainee Software Developer,ITOL Recruit,N12UD,"Trainee Coding Programme – No Experience Needed Future-proof your career in Coding – starting today. Looking for a career change? Maybe you’re already working but want a more technical role with better long-term prospects. Or you could be between jobs and ready for a fresh start in tech. The ITOL Recruit Coding Job Programme is designed to help you move into a high-demand coding role, even if you have no prior experience. Train online at your ow... ",https://www.reed.co.uk/jobs/trainee-software-developer/57142943,30000.0,45000.0,Title not junior or graduate; Location not allowed,Reed
Trainee Software Developer,ITOL Recruit,CR01NX,"Trainee Coding Programme – No Experience Needed Future-proof your career in Coding – starting today. Looking for a career change? Maybe you’re already working but want a more technical role with better long-term prospects. Or you could be between jobs and ready for a fresh start in tech. The ITOL Recruit Coding Job Programme is designed to help you move into a high-demand coding role, even if you have no prior experience. Train online at your ow... ",https://www.reed.co.uk/jobs/trainee-software-developer/57161543,30000.0,45000.0,Title not junior or graduate; Location not allowed,Reed
Senior Software Developer,Spectrum IT Recruitment,London,"Excellent opportunity for a Senior Software Developer to play a key role in architecting, developing, and enhancing our clients in-house trading and research systems. This is an opportunity to work on greenfield projects, influence architectural decisions, and directly impact systems that support real-world trading strategies. As a senior member of the team, you will contribute both technically and strategically, helping shape development standa... ",https://www.reed.co.uk/jobs/senior-software-developer/57145793,100000.0,120000.0,Title not junior or graduate; Experience level too high,Reed
Junior Software Engineer (Java / Kotlin / JVM),Salt Search,London,"Junior Software Engineer (Java / Kotlin / JVM) Contract Overview Role: Junior Software Engineer (Java/ Kotlin/ JVM) Location: Victoria, London Length: 12 months Start: ASAP Rate: 200 per day Status: Inside IR35 Pattern: Hybrid working About the Role I'm currently recruiting for a Junior Software Engineer to join a digital product team working across modern financial services technology. This role would suit someone with a few years' commercial s... ",https://www.reed.co.uk/jobs/junior-software-engineer-java-kotlin-jvm/57087951,200.0,200.0,Salary below minimum,Reed
Senior Software Engineer (Go / Golang),LHH Recruitment Solutions,London,"Senior Software Engineer. Do you thrive in a lively environment where your skills can shine? We're looking for an enthusiastic Software Engineer to join our innovative London based team. What You'll Do: As a Senior Software Engineer, you will play a key role in shaping projects and driving technology forward. Your expertise will make a real difference. Here's what you can expect: Design, develop, and maintain high-quality software solutions. Col... ",https://www.reed.co.uk/jobs/senior-software-engineer-go-golang/57148870,72000.0,85000.0,Title not junior or graduate; Experience level too high,Reed
Senior Software Engineer - eDV Cleared,Searchability NS&D,London,"SENIOR SOFTWARE ENGINEER - eDV CLEARED NEW PERMANENT JOB OPPORTUNITY AVAILABLE WITHIN A GLOBALLY LEADING NATIONAL SECURITY COMPANY FOR A SENIOR SOFTWARE ENGINEER WITH eDV CLEARANCE Permanent job opportunity for a Senior Software Engineer Globally leading defence / cyber security company Salary up to 100,000 plus clearance bonus London based organisation in an easily accessible location Permanent Software Engineer To apply please call / or email ... ",https://www.reed.co.uk/jobs/senior-software-engineer-edv-cleared/57148072,45000.0,100000.0,Title not junior or graduate; Experience level too high,Reed
Web Developer Trainee,ITOL Recruit,SW21RW,"Trainee Coding Programme – No Experience Needed Future-proof your career in Coding – starting today. Looking for a career change? Maybe you’re already working but want a more technical role with better long-term prospects. Or you could be between jobs and ready for a fresh start in tech. The ITOL Recruit Coding Job Programme is designed to help you move into a high-demand coding role, even if you have no prior experience. Train online at your ow... ",https://www.reed.co.uk/jobs/web-developer-trainee/57124968,28000.0,35000.0,Title not junior or graduate; Location not allowed; Salary below minimum,Reed
Trainee Web Developer,IT Career Switch,SW181DG,Trainee Web Developer - No Experience Required Are you looking to kick-start a new career as a web developer? We are recruiting for companies who are looking to employ our Coding Traineeship graduates to keep up with their growth. The best part is you will not need any previous experience as full training will be provided. You will also have the reassurance of a job guarantee within 20 miles of your location upon completion. Whether you are work... ,https://www.reed.co.uk/jobs/trainee-web-developer/56451130,25000.0,45000.0,Title not junior or graduate; Location not allowed; Salary below minimum,Reed
Trainee Web Developer,IT Career Switch,SE10AA,Trainee Web Developer - No Experience Required Are you looking to kick-start a new career as a web developer? We are recruiting for companies who are looking to employ our Coding Traineeship graduates to keep up with their growth. The best part is you will not need any previous experience as full training will be provided. You will also have the reassurance of a job guarantee within 20 miles of your location upon completion. Whether you are work... ,https://www.reed.co.uk/jobs/trainee-web-developer/56451099,25000.0,45000.0,Title not junior or graduate; Location not allowed; Salary below minimum,Reed
Trainee Web Developer,IT Career Switch,E151AZ,Trainee Web Developer - No Experience Required Are you looking to kick-start a new career as a web developer? We are recruiting for companies who are looking to employ our Coding Traineeship graduates to keep up with their growth. The best part is you will not need any previous experience as full training will be provided. You will also have the reassurance of a job guarantee within 20 miles of your location upon completion. Whether you are work... ,https://www.reed.co.uk/jobs/trainee-web-developer/56451019,25000.0,45000.0,Title not junior or graduate; Location not allowed; Salary below minimum,Reed
Trainee Web Developer,IT Career Switch,SE17PB,Trainee Web Developer - No Experience Required Are you looking to kick-start a new career as a web developer? We are recruiting for companies who are looking to employ our Coding Traineeship graduates to keep up with their growth. The best part is you will not need any previous experience as full training will be provided. You will also have the reassurance of a job guarantee within 20 miles of your location upon completion. Whether you are work... ,https://www.reed.co.uk/jobs/trainee-web-developer/56450996,25000.0,45000.0,Title not junior or graduate; Location not allowed; Salary below minimum,Reed
Trainee Software Developer,ITOL Recruit,L23SW,"Trainee Coding Programme – No Experience Needed Future-proof your career in Coding – starting today. Looking for a career change? Maybe you’re already working but want a more technical role with better long-term prospects. Or you could be between jobs and ready for a fresh start in tech. The ITOL Recruit Coding Job Programme is designed to help you move into a high-demand coding role, even if you have no prior experience. Train online at your ow... ",https://www.reed.co.uk/jobs/trainee-software-developer/57147782,30000.0,45000.0,Title not junior or graduate; Location not allowed,Reed
Trainee Website Administrator,ITOL Recruit,L23SW,Future-proof your career in Tech – starting today. Looking for a career change? Currently employed but want something better? Or maybe you're between jobs and ready for a fresh start? ITOL Recruit's Programming Traineeship is designed to get you into one of the UK’s fastest-growing industries with zero experience required. Train online at your own pace and land your first Junior Programmer role in 1–3 months. Please note this is a training cours... ,https://www.reed.co.uk/jobs/trainee-website-administrator/57120152,29000.0,35000.0,Title not junior or graduate; Location not allowed; Salary below minimum,Reed
Senior QA Automation Engineer,KennedyPearce Consulting,L14AA,"Senior QA Automation Engineer We're partnered with a well-established insurance business with over 1,000 employees across the UK who are continuing to invest heavily in their technology and digital teams. As part of this growth, they're looking to hire a Senior QA Automation Engineer to join their collaborative engineering function based in Liverpool. This is a fantastic opportunity to play a key role in shaping automation practices within a mat... ",https://www.reed.co.uk/jobs/senior-qa-automation-engineer/57105153,60000.0,70000.0,Not a software/technical role; Title not junior or graduate; Experience level too high; Location not allowed,Reed
Trainee Web Developer,IT Career Switch,WF11BA,Trainee Web Developer - No Experience Required Are you looking to kick-start a new career as a web developer? We are recruiting for companies who are looking to employ our Coding Traineeship graduates to keep up with their growth. The best part is you will not need any previous experience as full training will be provided. You will also have the reassurance of a job guarantee within 20 miles of your location upon completion. Whether you are work... ,https://www.reed.co.uk/jobs/trainee-web-developer/56451129,25000.0,45000.0,Title not junior or graduate; Location not allowed; Salary below minimum,Reed
Senior React Developer - SC Cleared,Searchability NS&D,Leeds,"Senior React Developer - SC Cleared Location: Leeds (Hybrid with occasional travel) Salary: Up to 65,000 + Benefits Security Clearance: Active SC Clearance Required To apply email: The Opportunity We're looking for an experienced Senior React Developer to join a growing engineering team delivering secure, user-focused digital services for high-profile public sector programmes. This is an opportunity to work on modern, cloud-based applications th... ",https://www.reed.co.uk/jobs/senior-react-developer-sc-cleared/57148074,50000.0,65000.0,Title not junior or graduate; Experience level too high,Reed
Full Stack Developer,eFinancialCareers,Leeds,"50,000-65,000 GBP Pension, Benefits Hybrid WORKING Location: Leeds, Yorkshire and the Humber - United Kingdom Type: Permanent Full Stack Developer Location: Leeds / Hybrid Salary: 50,000 - 65,000 Benefits About the Role We're seeking a Full Stack Developer to join a leading digital consultancy delivering impactful projects across public and private sector organisations. You'll work within multidisciplinary teams to build secure, scalable, cloud-... ",https://www.reed.co.uk/jobs/full-stack-developer/57169956,,,Title not junior or graduate,Reed
Technical Application Specialist,Lloyds Banking Group,Leeds,"Technical Application Specialist Leeds Wellington Place Full time Posted Today 157030 End Date Monday 27 July 2026 Salary Range 72,702 - 80,780 We support flexible working - click here for more information on flexible working options Flexible Working Options Hybrid Working, Job Share Job Description Summary An experienced specialist capable of handling complex projects and mentoring junior team members Job Description JOB TITLE: Technical Applic... ",https://www.reed.co.uk/jobs/technical-application-specialist/57120322,72702.0,80780.0,Not a software/technical role; Title not junior or graduate,Reed
Trainee Software Developer,ITOL Recruit,M25DB,"Trainee Coding Programme – No Experience Needed Future-proof your career in Coding – starting today. Looking for a career change? Maybe you’re already working but want a more technical role with better long-term prospects. Or you could be between jobs and ready for a fresh start in tech. The ITOL Recruit Coding Job Programme is designed to help you move into a high-demand coding role, even if you have no prior experience. Train online at your ow... ",https://www.reed.co.uk/jobs/trainee-software-developer/57161212,30000.0,45000.0,Title not junior or graduate; Location not allowed,Reed
Junior Software/Salesforce Developer,The Portfolio Group,Manchester,"This is not your typical Salesforce Developer role! We are looking for a junior developer with strong JavaScript and/or Java fundamentals who wants to build a long-term career within Salesforce development. Existing Salesforce experience is useful, but not essential - attitude, technical capability, and willingness to learn are the priority. You'll join a growing software team responsible for expanding a highly customised internal sales platform... ",https://www.reed.co.uk/jobs/junior-software-salesforce-developer/57152844,29000.0,29000.0,Salary below minimum,Reed
Junior UX Designer,The Portfolio Group,Manchester,"Are you a creative UX Designer looking to take the next step in your career? We're partnered with an exciting and rapidly growing software business that's expanding its product team and looking for a passionate UX Designer to help shape the future of its flagship SaaS platform. Working within a collaborative cross-functional team, you'll have the opportunity to design engaging user experiences across web and mobile applications while learning fr... ",https://www.reed.co.uk/jobs/junior-ux-designer/57145162,27000.0,35000.0,Salary below minimum,Reed
Coding and Programming Trainee,ITOL Recruit,SK11AP,Future-proof your career in Tech – starting today. Looking for a career change? Currently employed but want something better? Or maybe you're between jobs and ready for a fresh start? ITOL Recruit's Programming Traineeship is designed to get you into one of the UK’s fastest-growing industries with zero experience required. Train online at your own pace and land your first Junior Programmer role in 1–3 months. Please note this is a training cours... ,https://www.reed.co.uk/jobs/coding-and-programming-trainee/57115318,29000.0,35000.0,Title not junior or graduate; Location not allowed; Salary below minimum,Reed
Principal Hydrologist,Penguin Recruitment Ltd,Manchester,"Principal Hydrologist Manchester 40,000 - 60,000 A fantastic opportunity has become available for a Principal Hydrologist to join a growing environmental consultancy in Manchester. This is an excellent opportunity for an experienced hydrologist looking to take on a technical leadership role within a collaborative multidisciplinary team, working on a wide range of flood risk and water management projects across the UK. You will lead the delivery ... ",https://www.reed.co.uk/jobs/principal-hydrologist/57145808,40000.0,60000.0,Not a software/technical role; Title not junior or graduate; Experience level too high,Reed
Senior DevOps Engineer- eDV Cleared,Searchability NS&D,Manchester,"SENIOR DEVOPS ENGINEER- EDV CLEARED SENIOR DEVOPS ENGINEER - Permanent opportunity for a Senior DevOps Engineer with active enhanced DV clearance. - Salary up to 85,000 DOE - Manchester based offices - To apply, please call Laura Jackson on , or email with an up-to-date CV. WHO ARE WE? We're hiring for Senior DevOps Engineers to join a consultancy delivering cutting-edge solutions for industry-leading National Security clients. You'll have the o... ",https://www.reed.co.uk/jobs/senior-devops-engineer-edv-cleared/57156405,65000.0,85000.0,Title not junior or graduate; Experience level too high,Reed
Cyber Software Engineer,eFinancialCareers,Manchester,"60,000-80,000 GBP Bonus, Pension, Benefits Onsite WORKING Location: Manchester, North West - United Kingdom Type: Permanent Operational Cyber Software Engineer Location: Manchester (5 Days Onsite) Salary: 60,000 - 80,000 Excellent Benefits Company Overview Our client is a leading cyber and national security organisation delivering secure software solutions across some of the UK's most complex and mission-critical programmes. This is an exciting ... ",https://www.reed.co.uk/jobs/cyber-software-engineer/57144807,,,Title not junior or graduate,Reed
Senior Software Engineer (Cards),Lloyds Banking Group,Manchester,"Senior Software Engineer (Cards) Manchester Full time Posted Today 152810 End Date Friday 13 March 2026 Salary Range 72,702 - 109,053 We support flexible working - click here for more information on flexible working options Flexible Working Options Hybrid Working, Job Share Job Description Summary Software Engineer will lead technical development and delivery at Team and sometimes Lab level. They can be a Line Manager who will act as co-lead wit... ",https://www.reed.co.uk/jobs/senior-software-engineer-cards/56616299,72702.0,109053.0,Title not junior or graduate; Experience level too high,Reed
Java Developer - Bruin,eFinancialCareers,Manchester,"Overview Our client is looking for an experienced Java Developer to join one of several feature teams supporting a large-scale internal application used by both call centre and in-branch colleagues. This is a hands-on engineering role at AVP level, suited to someone who can quickly contribute to delivery, produce high-quality code, and help develop junior team members. Key Requirements Technical Skills • Strong commercial experience with Java, S... ",https://www.reed.co.uk/jobs/java-developer-bruin/57165352,,,Title not junior or graduate,Reed
Full Stack Developer,eFinancialCareers,Manchester,"50,000-65,000 GBP Pension, Benefits Hybrid WORKING Location: Manchester, North West - United Kingdom Type: Permanent Full Stack Developer Location: Manchester / Hybrid Salary: 50,000 - 65,000 Benefits About the Role We're seeking a Full Stack Developer to join a leading digital consultancy delivering impactful projects across public and private sector organisations. You'll work within multidisciplinary teams to build secure, scalable, cloud-nati... ",https://www.reed.co.uk/jobs/full-stack-developer/57169960,,,Title not junior or graduate,Reed
Lead Software Engineer,Saab UK,Fareham,"Introduction Saab UK is part of Scandinavia's largest defence company, bringing together the best of Swedish and British innovation. Saab offers world-leading solutions and services in defence, aviation, space, and civil security to keep people and society safe. Our UK presence has been growing at pace, meaning we can offer a wide range of opportunities for personal fulfilment and career growth. We currently employ over 600 people across eight s... ",https://www.reed.co.uk/jobs/lead-software-engineer/57161987,,,Title not junior or graduate; Location not allowed,Reed
Junior Developer,Vensis,HU151YU,"Enjoy solving complex problems? What to help our clients transform their businesses? Want to be part of a growing company? If you're looking to launch your career in software development while solving real-world business challenges, we'd love to hear from you. Junior Developer Brough, Hull, HU15 Hybrid - Must be able to commute to Brough office Salary from 28,000&nbsp;per year + Bonus Scheme Monday - Friday, full time, permanent Please note: you... ",https://www.reed.co.uk/jobs/junior-developer/57037836,28000.0,28000.0,Location not allowed; Salary below minimum,Reed
Junior Prompt Engineer / Developer,Kronospan,Chirk,"Junior Prompt Engineer / Developer Chirk, Wrexham Full-Time, Permanent Kronospan is one of the world's leading manufacturers of wood-based panels, with over 40 production sites across four continents. Our Chirk facility in Wrexham, Wales is one of the largest and most advanced wood panel manufacturing plants in the UK. As we continue to invest in technology and digital transformation, we are creating new roles to harness the power of artificial ... ",https://www.reed.co.uk/jobs/junior-prompt-engineer-developer/57154232,,,Location not allowed,Reed
Junior Software Engineer,Randstad Delivery (GBS),Witney,"Junior Software Engineer Position Type: 12-Month Initial Contract (With high potential for extensions or permanent conversion) Salary: 40,000 - 50,000 per annum (Dependent on experience, entry level and seasoned professionals considered) Location: Witney, on site full time About the Role We are seeking a Junior Software Engineer to join a global leader in healthcare and medical technology. In this role, you will be embedded within a highly colla... ",https://www.reed.co.uk/jobs/junior-software-engineer/57165358,40000.0,50000.0,Location not allowed,Reed
Trainee Software Developer,ITOL Recruit,BS15TR,"Trainee Coding Programme – No Experience Needed Future-proof your career in Coding – starting today. Looking for a career change? Maybe you’re already working but want a more technical role with better long-term prospects. Or you could be between jobs and ready for a fresh start in tech. The ITOL Recruit Coding Job Programme is designed to help you move into a high-demand coding role, even if you have no prior experience. Train online at your ow... ",https://www.reed.co.uk/jobs/trainee-software-developer/57161480,30000.0,45000.0,Title not junior or graduate; Location not allowed,Reed
Junior Software Engineer,Zenzo Digital,CV370AB,"Our client, who are an international horticultural software business, are seeking a junior software developer to join their growing development team. You will assist in the development and maintenance of a large-scale applications including the use of C#, ASP.Net and SQL. You will participate in code reviews and work closely with other developers while maintaining code quality and standards. This is an ideal role for someone with 2/3 years of ex... ",https://www.reed.co.uk/jobs/junior-software-engineer/57026957,33000.0,35000.0,Location not allowed,Reed
Junior Software Engineer,Rise Technical Recruitment Limited,Gloucestershire,"Junior Software Project Engineer Bristol (Thornbury) 40,000 - 50,000 + Training + Hybrid Working + Career Progression + Benefits Are you a Junior Software Engineer, Controls Engineer or Automation Engineer with some industry experience, looking to join a well-established engineering business where you will receive structured training, work on varied industrial automation projects and develop into a fully-fledged Software Project Engineer? This i... ",https://www.reed.co.uk/jobs/junior-software-engineer/57157437,40000.0,50000.0,Location not allowed,Reed
Trainee Software Developer,ITOL Recruit,CF103ND,"Trainee Coding Programme – No Experience Needed Future-proof your career in Coding – starting today. Looking for a career change? Maybe you’re already working but want a more technical role with better long-term prospects. Or you could be between jobs and ready for a fresh start in tech. The ITOL Recruit Coding Job Programme is designed to help you move into a high-demand coding role, even if you have no prior experience. Train online at your ow... ",https://www.reed.co.uk/jobs/trainee-software-developer/57161143,30000.0,45000.0,Title not junior or graduate; Location not allowed,Reed
Trainee Software Developer,ITOL Recruit,LE19BG,"Trainee Coding Programme – No Experience Needed Future-proof your career in Coding – starting today. Looking for a career change? Maybe you’re already working but want a more technical role with better long-term prospects. Or you could be between jobs and ready for a fresh start in tech. The ITOL Recruit Coding Job Programme is designed to help you move into a high-demand coding role, even if you have no prior experience. Train online at your ow... ",https://www.reed.co.uk/jobs/trainee-software-developer/57147763,30000.0,45000.0,Title not junior or graduate; Location not allowed,Reed
Trainee Software Developer,ITOL Recruit,G11AB,"Trainee Coding Programme – No Experience Needed Future-proof your career in Coding – starting today. Looking for a career change? Maybe you’re already working but want a more technical role with better long-term prospects. Or you could be between jobs and ready for a fresh start in tech. The ITOL Recruit Coding Job Programme is designed to help you move into a high-demand coding role, even if you have no prior experience. Train online at your ow... ",https://www.reed.co.uk/jobs/trainee-software-developer/57147924,30000.0,45000.0,Title not junior or graduate; Location not allowed,Reed
Trainee Software Developer,ITOL Recruit,SS26ER,Trainee Software Developer – No Experience Needed Future-proof your career in Tech – starting today. Looking for a career change? Currently employed but want something better? Or maybe you're between jobs and ready for a fresh start? ITOL Recruit's Programming Traineeship is designed to get you into one of the UK’s fastest-growing industries with zero experience required. Train online at your own pace and land your first Junior Programmer role i... ,https://www.reed.co.uk/jobs/trainee-software-developer/57143223,28000.0,35000.0,Title not junior or graduate; Location not allowed; Salary below minimum,Reed
Junior Software Engineer,Rise Technical Recruitment Limited,Slough,"Junior Software Project Engineer Slough 40,000 - 50,000 + Training + Hybrid Working + Career Progression + Benefits Are you a Junior Software Engineer, Controls Engineer or Automation Engineer with some industry experience, looking to join a well-established engineering business where you will receive structured training, work on varied industrial automation projects and develop into a fully-fledged Software Project Engineer? This is an excellen... ",https://www.reed.co.uk/jobs/junior-software-engineer/57157456,40000.0,50000.0,Location not allowed,Reed
Data Science Trainee,IT Career Switch,EH11BQ,Trainee Data Scientist - No Experience Required Are you looking to kick-start a new career as a Data Scientist? We are recruiting for companies who are looking to employ our Data Science Traineeship graduates to keep up with their growth. The best part is you will not need any previous experience as full training will be provided. You will also have the reassurance of a job guarantee ( 25K- 45K) within 20 miles of your location upon completion. ... ,https://www.reed.co.uk/jobs/data-science-trainee/56486092,25000.0,45000.0,Title not junior or graduate; Location not allowed; Salary below minimum,Reed
Graduate Recruitment Consultant - Technology & Trading,Scope AT Recruitment,EC1A1BB,"Graduate Recruitment Consultant - Technology &amp; Financial Services London | basic + uncapped commission | Full-time, in office The market you'd be working in Scope AT places engineers, quants and technologists into banks, trading firms and funds. Our contractors work on trading systems, risk platforms and market data infrastructure at financial services firms. It's a technical market. You'll be talking to people who build low-latency trading ... ",https://www.reed.co.uk/jobs/graduate-recruitment-consultant-technology-trading/57150987,27000.0,50000.0,Location not allowed; Salary below minimum,Reed
Trainee Web Developer,IT Career Switch,SW191RH,Trainee Web Developer - No Experience Required Are you looking to kick-start a new career as a web developer? We are recruiting for companies who are looking to employ our Coding Traineeship graduates to keep up with their growth. The best part is you will not need any previous experience as full training will be provided. You will also have the reassurance of a job guarantee within 20 miles of your location upon completion. Whether you are work... ,https://www.reed.co.uk/jobs/trainee-web-developer/56451144,25000.0,45000.0,Title not junior or graduate; Location not allowed; Salary below minimum,Reed
Trainee Web Developer,IT Career Switch,E145AB,Trainee Web Developer - No Experience Required Are you looking to kick-start a new career as a web developer? We are recruiting for companies who are looking to employ our Coding Traineeship graduates to keep up with their growth. The best part is you will not need any previous experience as full training will be provided. You will also have the reassurance of a job guarantee within 20 miles of your location upon completion. Whether you are work... ,https://www.reed.co.uk/jobs/trainee-web-developer/56451128,25000.0,45000.0,Title not junior or graduate; Location not allowed; Salary below minimum,Reed
Trainee Web Developer,IT Career Switch,SE109NN,Trainee Web Developer - No Experience Required Are you looking to kick-start a new career as a web developer? We are recruiting for companies who are looking to employ our Coding Traineeship graduates to keep up with their growth. The best part is you will not need any previous experience as full training will be provided. You will also have the reassurance of a job guarantee within 20 miles of your location upon completion. Whether you are work... ,https://www.reed.co.uk/jobs/trainee-web-developer/56450970,25000.0,45000.0,Title not junior or graduate; Location not allowed; Salary below minimum,Reed
Trainee Web Developer,IT Career Switch,E145HQ,Trainee Web Developer - No Experience Required Are you looking to kick-start a new career as a web developer? We are recruiting for companies who are looking to employ our Coding Traineeship graduates to keep up with their growth. The best part is you will not need any previous experience as full training will be provided. You will also have the reassurance of a job guarantee within 20 miles of your location upon completion. Whether you are work... ,https://www.reed.co.uk/jobs/trainee-web-developer/56450847,25000.0,45000.0,Title not junior or graduate; Location not allowed; Salary below minimum,Reed
Trainee Web Developer,IT Career Switch,W52TD,Trainee Web Developer - No Experience Required Are you looking to kick-start a new career as a web developer? We are recruiting for companies who are looking to employ our Coding Traineeship graduates to keep up with their growth. The best part is you will not need any previous experience as full training will be provided. You will also have the reassurance of a job guarantee within 20 miles of your location upon completion. Whether you are work... ,https://www.reed.co.uk/jobs/trainee-web-developer/56450913,25000.0,45000.0,Title not junior or graduate; Location not allowed; Salary below minimum,Reed
"Graduate / Junior Developer, Python, JavaScript, PHP - London",Noir,EC3R8EE,"Graduate / Junior Developer, Python, JavaScript, PHP - London (Tech stack: Graduate / Junior Developer, Python, JavaScript, PHP, Graduate / Junior Developer) In 2012 our client launched a social messaging platform that has been taking the US by storm. After an extremely successful period our client has decided to hop across the Atlantic, in a bid to expand their sphere of influence and take up a firm foothold in the UK and European markets. A nu... ",https://www.reed.co.uk/jobs/graduate-junior-developer-python-javascript-php-london/57160881,35000.0,50000.0,Location not allowed,Reed
Web Developer Trainee,ITOL Recruit,N65BA,"Are you looking to benefit from a new career in Web Development? Skills shortages in the IT sector is driving the need for qualified, entry-level career seekers and career changers. We help place graduates from this programme in top UK companies and organisations needing to employ entry-level software development staff that can hit the ground running with up-to-date skills gained from this programme. The best part is you will not need any previo... ",https://www.reed.co.uk/jobs/web-developer-trainee/57147610,29000.0,35000.0,Title not junior or graduate; Location not allowed; Salary below minimum,Reed
Web Developer Trainee,ITOL Recruit,W87NX,"Are you looking to benefit from a new career in Web Development? Skills shortages in the IT sector is driving the need for qualified, entry-level career seekers and career changers. We help place graduates from this programme in top UK companies and organisations needing to employ entry-level software development staff that can hit the ground running with up-to-date skills gained from this programme. The best part is you will not need any previo... ",https://www.reed.co.uk/jobs/web-developer-trainee/57120190,29000.0,35000.0,Title not junior or graduate; Location not allowed; Salary below minimum,Reed
Trainee Web Developer,IT Career Switch,E16QL,Trainee Web Developer - No Experience Required Are you looking to kick-start a new career as a web developer? We are recruiting for companies who are looking to employ our Coding Traineeship graduates to keep up with their growth. The best part is you will not need any previous experience as full training will be provided. You will also have the reassurance of a job guarantee within 20 miles of your location upon completion. Whether you are work... ,https://www.reed.co.uk/jobs/trainee-web-developer/56451075,25000.0,45000.0,Title not junior or graduate; Location not allowed; Salary below minimum,Reed
Trainee Web Developer,IT Career Switch,SE137HB,Trainee Web Developer - No Experience Required Are you looking to kick-start a new career as a web developer? We are recruiting for companies who are looking to employ our Coding Traineeship graduates to keep up with their growth. The best part is you will not need any previous experience as full training will be provided. You will also have the reassurance of a job guarantee within 20 miles of your location upon completion. Whether you are work... ,https://www.reed.co.uk/jobs/trainee-web-developer/56451000,25000.0,45000.0,Title not junior or graduate; Location not allowed; Salary below minimum,Reed
Trainee Web Developer,IT Career Switch,NW100TL,Trainee Web Developer - No Experience Required Are you looking to kick-start a new career as a web developer? We are recruiting for companies who are looking to employ our Coding Traineeship graduates to keep up with their growth. The best part is you will not need any previous experience as full training will be provided. You will also have the reassurance of a job guarantee within 20 miles of your location upon completion. Whether you are work... ,https://www.reed.co.uk/jobs/trainee-web-developer/56450837,25000.0,45000.0,Title not junior or graduate; Location not allowed; Salary below minimum,Reed
Trainee Web Developer,IT Career Switch,SW34LY,Trainee Web Developer - No Experience Required Are you looking to kick-start a new career as a web developer? We are recruiting for companies who are looking to employ our Coding Traineeship graduates to keep up with their growth. The best part is you will not need any previous experience as full training will be provided. You will also have the reassurance of a job guarantee within 20 miles of your location upon completion. Whether you are work... ,https://www.reed.co.uk/jobs/trainee-web-developer/56450853,25000.0,45000.0,Title not junior or graduate; Location not allowed; Salary below minimum,Reed
Web Developer Trainee,ITOL Recruit,NW44BG,"Are you looking to benefit from a new career in Web Development? Skills shortages in the IT sector is driving the need for qualified, entry-level career seekers and career changers. We help place graduates from this programme in top UK companies and organisations needing to employ entry-level software development staff that can hit the ground running with up-to-date skills gained from this programme. The best part is you will not need any previo... ",https://www.reed.co.uk/jobs/web-developer-trainee/57095815,29000.0,35000.0,Title not junior or graduate; Location not allowed; Salary below minimum,Reed
Graduate Planning administrator,Adecco ,Barking,"Graduate Planning Administrator Salary: 26,000 - 30,000 Annual Leave: 30 days Working Pattern: Full Time (35 hours per week) Location: Barking Hybrid ( 2 days office) Are you a detail-oriented individual with a passion for supporting a dynamic planning team? Our client, a leading organisation in the Building &amp; Construction industry, is on the lookout for a dedicated Planning Administrator to join their team in Barking! If you thrive in a str... ",https://www.reed.co.uk/jobs/graduate-planning-administrator/57026428,26000.0,30000.0,Not a software/technical role; Location not allowed; Salary below minimum,Reed
Data Science Trainee,IT Career Switch,L18JQ,Trainee Data Scientist - No Experience Required Are you looking to kick-start a new career as a Data Scientist? We are recruiting for companies who are looking to employ our Data Science Traineeship graduates to keep up with their growth. The best part is you will not need any previous experience as full training will be provided. You will also have the reassurance of a job guarantee ( 25K- 45K) within 20 miles of your location upon completion. ... ,https://www.reed.co.uk/jobs/data-science-trainee/56486364,25000.0,45000.0,Title not junior or graduate; Location not allowed; Salary below minimum,Reed
Data Science Trainee,IT Career Switch,WA11RG,Trainee Data Scientist - No Experience Required Are you looking to kick-start a new career as a Data Scientist? We are recruiting for companies who are looking to employ our Data Science Traineeship graduates to keep up with their growth. The best part is you will not need any previous experience as full training will be provided. You will also have the reassurance of a job guarantee ( 25K- 45K) within 20 miles of your location upon completion. ... ,https://www.reed.co.uk/jobs/data-science-trainee/56486488,25000.0,45000.0,Title not junior or graduate; Location not allowed; Salary below minimum,Reed
Data Science Trainee,IT Career Switch,CH415AL,Trainee Data Scientist - No Experience Required Are you looking to kick-start a new career as a Data Scientist? We are recruiting for companies who are looking to employ our Data Science Traineeship graduates to keep up with their growth. The best part is you will not need any previous experience as full training will be provided. You will also have the reassurance of a job guarantee ( 25K- 45K) within 20 miles of your location upon completion. ... ,https://www.reed.co.uk/jobs/data-science-trainee/56486015,25000.0,45000.0,Title not junior or graduate; Location not allowed; Salary below minimum,Reed
Data Science Trainee,IT Career Switch,WN11AE,Trainee Data Scientist - No Experience Required Are you looking to kick-start a new career as a Data Scientist? We are recruiting for companies who are looking to employ our Data Science Traineeship graduates to keep up with their growth. The best part is you will not need any previous experience as full training will be provided. You will also have the reassurance of a job guarantee ( 25K- 45K) within 20 miles of your location upon completion. ... ,https://www.reed.co.uk/jobs/data-science-trainee/56486494,25000.0,45000.0,Title not junior or graduate; Location not allowed; Salary below minimum,Reed
Data Science Trainee,IT Career Switch,PR81EW,Trainee Data Scientist - No Experience Required Are you looking to kick-start a new career as a Data Scientist? We are recruiting for companies who are looking to employ our Data Science Traineeship graduates to keep up with their growth. The best part is you will not need any previous experience as full training will be provided. You will also have the reassurance of a job guarantee ( 25K- 45K) within 20 miles of your location upon completion. ... ,https://www.reed.co.uk/jobs/data-science-trainee/56486450,25000.0,45000.0,Title not junior or graduate; Location not allowed; Salary below minimum,Reed
Data Science Trainee,IT Career Switch,WA101HF,Trainee Data Scientist - No Experience Required Are you looking to kick-start a new career as a Data Scientist? We are recruiting for companies who are looking to employ our Data Science Traineeship graduates to keep up with their growth. The best part is you will not need any previous experience as full training will be provided. You will also have the reassurance of a job guarantee ( 25K- 45K) within 20 miles of your location upon completion. ... ,https://www.reed.co.uk/jobs/data-science-trainee/56486430,25000.0,45000.0,Title not junior or graduate; Location not allowed; Salary below minimum,Reed
Data Science Trainee,IT Career Switch,LS14DY,Trainee Data Scientist - No Experience Required Are you looking to kick-start a new career as a Data Scientist? We are recruiting for companies who are looking to employ our Data Science Traineeship graduates to keep up with their growth. The best part is you will not need any previous experience as full training will be provided. You will also have the reassurance of a job guarantee ( 25K- 45K) within 20 miles of your location upon completion. ... ,https://www.reed.co.uk/jobs/data-science-trainee/56486347,25000.0,45000.0,Title not junior or graduate; Location not allowed; Salary below minimum,Reed
Data Science Trainee,IT Career Switch,BD11HY,Trainee Data Scientist - No Experience Required Are you looking to kick-start a new career as a Data Scientist? We are recruiting for companies who are looking to employ our Data Science Traineeship graduates to keep up with their growth. The best part is you will not need any previous experience as full training will be provided. You will also have the reassurance of a job guarantee ( 25K- 45K) within 20 miles of your location upon completion. ... ,https://www.reed.co.uk/jobs/data-science-trainee/56486033,25000.0,45000.0,Title not junior or graduate; Location not allowed; Salary below minimum,Reed
Data Science Trainee,IT Career Switch,WF11BA,Trainee Data Scientist - No Experience Required Are you looking to kick-start a new career as a Data Scientist? We are recruiting for companies who are looking to employ our Data Science Traineeship graduates to keep up with their growth. The best part is you will not need any previous experience as full training will be provided. You will also have the reassurance of a job guarantee ( 25K- 45K) within 20 miles of your location upon completion. ... ,https://www.reed.co.uk/jobs/data-science-trainee/56486478,25000.0,45000.0,Title not junior or graduate; Location not allowed; Salary below minimum,Reed
Data Science Trainee,IT Career Switch,HX11QL,Trainee Data Scientist - No Experience Required Are you looking to kick-start a new career as a Data Scientist? We are recruiting for companies who are looking to employ our Data Science Traineeship graduates to keep up with their growth. The best part is you will not need any previous experience as full training will be provided. You will also have the reassurance of a job guarantee ( 25K- 45K) within 20 miles of your location upon completion. ... ,https://www.reed.co.uk/jobs/data-science-trainee/56486177,25000.0,45000.0,Title not junior or graduate; Location not allowed; Salary below minimum,Reed
Junior Product Specialist,NJR Recruitment,Trafford Park,"Junior Product Specialist **Would suit a Buying / Business / or similar Graduate seeking their first role in industry or a Buying Administrator seeking the next step** Trafford Park – Hybrid Working Home Textiles Our Client, a leading supplier of home textiles to the retail industry now has an exciting opportunity for a Junior Product Specialist to join their team. This would be a great opportunity for a Buying / Business / or similar Graduate s... ",https://www.reed.co.uk/jobs/junior-product-specialist/57143108,25000.0,25000.0,Not a software/technical role; Location not allowed; Salary below minimum,Reed
Data Science Trainee,IT Career Switch,M11AE,Trainee Data Scientist - No Experience Required Are you looking to kick-start a new career as a Data Scientist? We are recruiting for companies who are looking to employ our Data Science Traineeship graduates to keep up with their growth. The best part is you will not need any previous experience as full training will be provided. You will also have the reassurance of a job guarantee ( 25K- 45K) within 20 miles of your location upon completion. ... ,https://www.reed.co.uk/jobs/data-science-trainee/56486372,25000.0,45000.0,Title not junior or graduate; Location not allowed; Salary below minimum,Reed
Data Science Trainee,IT Career Switch,BL11TS,Trainee Data Scientist - No Experience Required Are you looking to kick-start a new career as a Data Scientist? We are recruiting for companies who are looking to employ our Data Science Traineeship graduates to keep up with their growth. The best part is you will not need any previous experience as full training will be provided. You will also have the reassurance of a job guarantee ( 25K- 45K) within 20 miles of your location upon completion. ... ,https://www.reed.co.uk/jobs/data-science-trainee/56486027,25000.0,45000.0,Title not junior or graduate; Location not allowed; Salary below minimum,Reed
Data Science Trainee,IT Career Switch,SK11EB,Trainee Data Scientist - No Experience Required Are you looking to kick-start a new career as a Data Scientist? We are recruiting for companies who are looking to employ our Data Science Traineeship graduates to keep up with their growth. The best part is you will not need any previous experience as full training will be provided. You will also have the reassurance of a job guarantee ( 25K- 45K) within 20 miles of your location upon completion. ... ,https://www.reed.co.uk/jobs/data-science-trainee/56486458,25000.0,45000.0,Title not junior or graduate; Location not allowed; Salary below minimum,Reed
Data Science Trainee,IT Career Switch,M502EQ,Trainee Data Scientist - No Experience Required Are you looking to kick-start a new career as a Data Scientist? We are recruiting for companies who are looking to employ our Data Science Traineeship graduates to keep up with their growth. The best part is you will not need any previous experience as full training will be provided. You will also have the reassurance of a job guarantee ( 25K- 45K) within 20 miles of your location upon completion. ... ,https://www.reed.co.uk/jobs/data-science-trainee/56486433,25000.0,45000.0,Title not junior or graduate; Location not allowed; Salary below minimum,Reed
Data Science Trainee,IT Career Switch,M337XN,Trainee Data Scientist - No Experience Required Are you looking to kick-start a new career as a Data Scientist? We are recruiting for companies who are looking to employ our Data Science Traineeship graduates to keep up with their growth. The best part is you will not need any previous experience as full training will be provided. You will also have the reassurance of a job guarantee ( 25K- 45K) within 20 miles of your location upon completion. ... ,https://www.reed.co.uk/jobs/data-science-trainee/56486432,25000.0,45000.0,Title not junior or graduate; Location not allowed; Salary below minimum,Reed
Data Science Trainee,IT Career Switch,OL161XU,Trainee Data Scientist - No Experience Required Are you looking to kick-start a new career as a Data Scientist? We are recruiting for companies who are looking to employ our Data Science Traineeship graduates to keep up with their growth. The best part is you will not need any previous experience as full training will be provided. You will also have the reassurance of a job guarantee ( 25K- 45K) within 20 miles of your location upon completion. ... ,https://www.reed.co.uk/jobs/data-science-trainee/56486422,25000.0,45000.0,Title not junior or graduate; Location not allowed; Salary below minimum,Reed
Data Science Trainee,IT Career Switch,OL11AD,Trainee Data Scientist - No Experience Required Are you looking to kick-start a new career as a Data Scientist? We are recruiting for companies who are looking to employ our Data Science Traineeship graduates to keep up with their growth. The best part is you will not need any previous experience as full training will be provided. You will also have the reassurance of a job guarantee ( 25K- 45K) within 20 miles of your location upon completion. ... ,https://www.reed.co.uk/jobs/data-science-trainee/56486392,25000.0,45000.0,Title not junior or graduate; Location not allowed; Salary below minimum,Reed
Graduate Developer,FLTalent,BN11AA,"Job Description: Graduate Developer - Brighton Consultancy Position: Graduate Developer Location: Brighton, UK Employment Type: Full-time Salary: Competitive About Us We are a dynamic consultancy firm based in the vibrant city of Brighton, specialising in delivering innovative solutions across a variety of industries. Our mission is to empower businesses through cutting-edge technology and exceptional service. As part of our growing team, we’re ... ",https://www.reed.co.uk/jobs/graduate-developer/54312214,,,Location not allowed,Reed
Graduate,Reed,NR59JA,"Norwich, Norfolk Full-Time | 12 Month Contract Launch Your Software Development Career Are you a recent Computer Science graduate with a passion for software development and a strong foundation in JavaScript? We're looking for a Graduate Software Developer to join a growing technology team in Norwich, where you'll have the opportunity to work on innovative projects, learn from experienced developers, and build a successful career in software eng... ",https://www.reed.co.uk/jobs/graduate/57077896,27000.0,27000.0,Location not allowed; Salary below minimum,Reed
AI & Digital Support Apprentice,QA,HP41EH,"About Brash: Established in 2001, Brash Solutions provides complete business solutions to a variety of industrial and commercial organisations. We have a highly professional and experienced team of support engineers and software developers. Our support business aims to meet all the IT requirements of our clients, from setting up new starters, troubleshooting issues to keeping their networks secure. We pride ourselves on the personal touch, under... ",https://www.reed.co.uk/jobs/ai-digital-support-apprentice/57109252,17999.0,18000.0,Title not junior or graduate; Location not allowed; Salary below minimum,Reed
Graduate Development Surveyor,Penguin Recruitment Ltd,Pulborough,"Graduate Development Surveyor Location: Pulborough, West Sussex Salary: Competitive + benefits Job Type: Full-time, Permanent An established and well-respected property consultancy is seeking a Graduate Development Surveyor to join their rural and development team based in Pulborough, West Sussex . This is an excellent opportunity for a motivated graduate looking to build a long-term career in the rural and development property sector while work... ",https://www.reed.co.uk/jobs/graduate-development-surveyor/57040958,25000.0,28000.0,Not a software/technical role; Location not allowed; Salary below minimum,Reed
Trainee Web Developer,IT Career Switch,WV13EE,Trainee Web Developer - No Experience Required Are you looking to kick-start a new career as a web developer? We are recruiting for companies who are looking to employ our Coding Traineeship graduates to keep up with their growth. The best part is you will not need any previous experience as full training will be provided. You will also have the reassurance of a job guarantee within 20 miles of your location upon completion. Whether you are work... ,https://www.reed.co.uk/jobs/trainee-web-developer/56451146,25000.0,45000.0,Title not junior or graduate; Location not allowed; Salary below minimum,Reed
Trainee Web Developer,IT Career Switch,BN111UR,Trainee Web Developer - No Experience Required Are you looking to kick-start a new career as a web developer? We are recruiting for companies who are looking to employ our Coding Traineeship graduates to keep up with their growth. The best part is you will not need any previous experience as full training will be provided. You will also have the reassurance of a job guarantee within 20 miles of your location upon completion. Whether you are work... ,https://www.reed.co.uk/jobs/trainee-web-developer/56451150,25000.0,45000.0,Title not junior or graduate; Location not allowed; Salary below minimum,Reed
Trainee Web Developer,IT Career Switch,B721XA,Trainee Web Developer - No Experience Required Are you looking to kick-start a new career as a web developer? We are recruiting for companies who are looking to employ our Coding Traineeship graduates to keep up with their growth. The best part is you will not need any previous experience as full training will be provided. You will also have the reassurance of a job guarantee within 20 miles of your location upon completion. Whether you are work... ,https://www.reed.co.uk/jobs/trainee-web-developer/56451123,25000.0,45000.0,Title not junior or graduate; Location not allowed; Salary below minimum,Reed
Trainee Web Developer,IT Career Switch,SA13SN,Trainee Web Developer - No Experience Required Are you looking to kick-start a new career as a web developer? We are recruiting for companies who are looking to employ our Coding Traineeship graduates to keep up with their growth. The best part is you will not need any previous experience as full training will be provided. You will also have the reassurance of a job guarantee within 20 miles of your location upon completion. Whether you are work... ,https://www.reed.co.uk/jobs/trainee-web-developer/56451124,25000.0,45000.0,Title not junior or graduate; Location not allowed; Salary below minimum,Reed
Trainee Web Developer,IT Career Switch,TF34AG,Trainee Web Developer - No Experience Required Are you looking to kick-start a new career as a web developer? We are recruiting for companies who are looking to employ our Coding Traineeship graduates to keep up with their growth. The best part is you will not need any previous experience as full training will be provided. You will also have the reassurance of a job guarantee within 20 miles of your location upon completion. Whether you are work... ,https://www.reed.co.uk/jobs/trainee-web-developer/56451126,25000.0,45000.0,Title not junior or graduate; Location not allowed; Salary below minimum,Reed
Trainee Web Developer,IT Career Switch,PO13AA,Trainee Web Developer - No Experience Required Are you looking to kick-start a new career as a web developer? We are recruiting for companies who are looking to employ our Coding Traineeship graduates to keep up with their growth. The best part is you will not need any previous experience as full training will be provided. You will also have the reassurance of a job guarantee within 20 miles of your location upon completion. Whether you are work... ,https://www.reed.co.uk/jobs/trainee-web-developer/56451036,25000.0,45000.0,Title not junior or graduate; Location not allowed; Salary below minimum,Reed
Trainee Web Developer,IT Career Switch,SS67EW,Trainee Web Developer - No Experience Required Are you looking to kick-start a new career as a web developer? We are recruiting for companies who are looking to employ our Coding Traineeship graduates to keep up with their growth. The best part is you will not need any previous experience as full training will be provided. You will also have the reassurance of a job guarantee within 20 miles of your location upon completion. Whether you are work... ,https://www.reed.co.uk/jobs/trainee-web-developer/56451049,25000.0,45000.0,Title not junior or graduate; Location not allowed; Salary below minimum,Reed
Trainee Web Developer,IT Career Switch,RG11JX,Trainee Web Developer - No Experience Required Are you looking to kick-start a new career as a web developer? We are recruiting for companies who are looking to employ our Coding Traineeship graduates to keep up with their growth. The best part is you will not need any previous experience as full training will be provided. You will also have the reassurance of a job guarantee within 20 miles of your location upon completion. Whether you are work... ,https://www.reed.co.uk/jobs/trainee-web-developer/56451051,25000.0,45000.0,Title not junior or graduate; Location not allowed; Salary below minimum,Reed
Trainee Web Developer,IT Career Switch,S601LB,Trainee Web Developer - No Experience Required Are you looking to kick-start a new career as a web developer? We are recruiting for companies who are looking to employ our Coding Traineeship graduates to keep up with their growth. The best part is you will not need any previous experience as full training will be provided. You will also have the reassurance of a job guarantee within 20 miles of your location upon completion. Whether you are work... ,https://www.reed.co.uk/jobs/trainee-web-developer/56451059,25000.0,45000.0,Title not junior or graduate; Location not allowed; Salary below minimum,Reed
Trainee Web Developer,IT Career Switch,B913SR,Trainee Web Developer - No Experience Required Are you looking to kick-start a new career as a web developer? We are recruiting for companies who are looking to employ our Coding Traineeship graduates to keep up with their growth. The best part is you will not need any previous experience as full training will be provided. You will also have the reassurance of a job guarantee within 20 miles of your location upon completion. Whether you are work... ,https://www.reed.co.uk/jobs/trainee-web-developer/56451082,25000.0,45000.0,Title not junior or graduate; Location not allowed; Salary below minimum,Reed
Trainee Web Developer,IT Career Switch,SO147DX,Trainee Web Developer - No Experience Required Are you looking to kick-start a new career as a web developer? We are recruiting for companies who are looking to employ our Coding Traineeship graduates to keep up with their growth. The best part is you will not need any previous experience as full training will be provided. You will also have the reassurance of a job guarantee within 20 miles of your location upon completion. Whether you are work... ,https://www.reed.co.uk/jobs/trainee-web-developer/56451085,25000.0,45000.0,Title not junior or graduate; Location not allowed; Salary below minimum,Reed
Trainee Web Developer,IT Career Switch,ME141ST,Trainee Web Developer - No Experience Required Are you looking to kick-start a new career as a web developer? We are recruiting for companies who are looking to employ our Coding Traineeship graduates to keep up with their growth. The best part is you will not need any previous experience as full training will be provided. You will also have the reassurance of a job guarantee within 20 miles of your location upon completion. Whether you are work... ,https://www.reed.co.uk/jobs/trainee-web-developer/56451009,25000.0,45000.0,Title not junior or graduate; Location not allowed; Salary below minimum,Reed
Trainee Web Developer,IT Career Switch,NP201HG,Trainee Web Developer - No Experience Required Are you looking to kick-start a new career as a web developer? We are recruiting for companies who are looking to employ our Coding Traineeship graduates to keep up with their growth. The best part is you will not need any previous experience as full training will be provided. You will also have the reassurance of a job guarantee within 20 miles of your location upon completion. Whether you are work... ,https://www.reed.co.uk/jobs/trainee-web-developer/56451020,25000.0,45000.0,Title not junior or graduate; Location not allowed; Salary below minimum,Reed
Trainee Ai Engineer,IT Career Switch,EH11BQ,"Trainee AI Engineer - No Experience Needed! Ready to launch a future-proof career in AI - even if you have zero experience? We’re looking for ambitious individuals ready to break into the world of artificial intelligence and data science. Our industry-leading AI Traineeship is designed to take you from complete beginner to a highly employable Junior AI Engineer, with full training provided and a guaranteed job offer ( 25K- 45K starting salary) w... ",https://www.reed.co.uk/jobs/trainee-ai-engineer/56396117,25000.0,45000.0,Title not junior or graduate; Location not allowed; Salary below minimum,Reed
Trainee Ai Engineer,IT Career Switch,United Kingdom,"Trainee AI Engineer - No Experience Needed! Ready to launch a future-proof career in AI - even if you have zero experience? We’re looking for ambitious individuals ready to break into the world of artificial intelligence and data science. Our industry-leading AI Traineeship is designed to take you from complete beginner to a highly employable Junior AI Engineer, with full training provided and a guaranteed job offer ( 25K- 45K starting salary) w... ",https://www.reed.co.uk/jobs/trainee-ai-engineer/56912278,25000.0,45000.0,Title not junior or graduate; Location not allowed; Salary below minimum,Reed
Junior AI Developer,ITOL Recruit,SE58UN,Trainee AI Engineer – No Experience Needed Future-proof your career in Artificial Intelligence – starting today. Looking for a career change? Currently employed but want something better? Or maybe you're between jobs and ready for a fresh start? ITOL Recruit's AI Traineeship is designed to get you into one of the fastest-growing industries with zero experience required. Train online at your own pace and land your first AI Engineer role in 1-3 mo... ,https://www.reed.co.uk/jobs/junior-ai-developer/57138100,30000.0,45000.0,Location not allowed,Reed
Junior AI Developer,ITOL Recruit,E62RP,Trainee AI Engineer – No Experience Needed Future-proof your career in Artificial Intelligence – starting today. Looking for a career change? Currently employed but want something better? Or maybe you're between jobs and ready for a fresh start? ITOL Recruit's AI Traineeship is designed to get you into one of the fastest-growing industries with zero experience required. Train online at your own pace and land your first AI Engineer role in 1-3 mo... ,https://www.reed.co.uk/jobs/junior-ai-developer/57161551,30000.0,45000.0,Location not allowed,Reed
Junior AI Developer,ITOL Recruit,SW1E6QP,Trainee AI Engineer – No Experience Needed Future-proof your career in Artificial Intelligence – starting today. Looking for a career change? Currently employed but want something better? Or maybe you're between jobs and ready for a fresh start? ITOL Recruit's AI Traineeship is designed to get you into one of the fastest-growing industries with zero experience required. Train online at your own pace and land your first AI Engineer role in 1-3 mo... ,https://www.reed.co.uk/jobs/junior-ai-developer/57124859,30000.0,45000.0,Location not allowed,Reed
Junior AI Developer,ITOL Recruit,WC1H9HE,Trainee AI Engineer – No Experience Needed Future-proof your career in Artificial Intelligence – starting today. Looking for a career change? Currently employed but want something better? Or maybe you're between jobs and ready for a fresh start? ITOL Recruit's AI Traineeship is designed to get you into one of the fastest-growing industries with zero experience required. Train online at your own pace and land your first AI Engineer role in 1-3 mo... ,https://www.reed.co.uk/jobs/junior-ai-developer/57147681,30000.0,45000.0,Location not allowed,Reed
Junior AI Developer,ITOL Recruit,SE186HQ,Trainee AI Engineer – No Experience Needed Future-proof your career in Artificial Intelligence – starting today. Looking for a career change? Currently employed but want something better? Or maybe you're between jobs and ready for a fresh start? ITOL Recruit's AI Traineeship is designed to get you into one of the fastest-growing industries with zero experience required. Train online at your own pace and land your first AI Engineer role in 1-3 mo... ,https://www.reed.co.uk/jobs/junior-ai-developer/57142948,30000.0,45000.0,Location not allowed,Reed
Junior AI Developer,ITOL Recruit,WC1H9HB,Trainee AI Engineer – No Experience Needed Future-proof your career in Artificial Intelligence – starting today. Looking for a career change? Currently employed but want something better? Or maybe you're between jobs and ready for a fresh start? ITOL Recruit's AI Traineeship is designed to get you into one of the fastest-growing industries with zero experience required. Train online at your own pace and land your first AI Engineer role in 1-3 mo... ,https://www.reed.co.uk/jobs/junior-ai-developer/57100463,30000.0,45000.0,Location not allowed,Reed
Trainee Web Developer,IT Career Switch,CR01XE,Trainee Web Developer - No Experience Required Are you looking to kick-start a new career as a web developer? We are recruiting for companies who are looking to employ our Coding Traineeship graduates to keep up with their growth. The best part is you will not need any previous experience as full training will be provided. You will also have the reassurance of a job guarantee within 20 miles of your location upon completion. Whether you are work... ,https://www.reed.co.uk/jobs/trainee-web-developer/56450904,25000.0,45000.0,Title not junior or graduate; Location not allowed; Salary below minimum,Reed
Trainee Web Developer,IT Career Switch,EN55XY,Trainee Web Developer - No Experience Required Are you looking to kick-start a new career as a web developer? We are recruiting for companies who are looking to employ our Coding Traineeship graduates to keep up with their growth. The best part is you will not need any previous experience as full training will be provided. You will also have the reassurance of a job guarantee within 20 miles of your location upon completion. Whether you are work... ,https://www.reed.co.uk/jobs/trainee-web-developer/56450802,25000.0,45000.0,Title not junior or graduate; Location not allowed; Salary below minimum,Reed
Junior AI Developer,ITOL Recruit,E81EA,Trainee AI Engineer – No Experience Needed Future-proof your career in Artificial Intelligence – starting today. Looking for a career change? Currently employed but want something better? Or maybe you're between jobs and ready for a fresh start? ITOL Recruit's AI Traineeship is designed to get you into one of the fastest-growing industries with zero experience required. Train online at your own pace and land your first AI Engineer role in 1-3 mo... ,https://www.reed.co.uk/jobs/junior-ai-developer/57138263,30000.0,45000.0,Location not allowed,Reed
Junior AI Developer,ITOL Recruit,W52BJ,Trainee AI Engineer – No Experience Needed Future-proof your career in Artificial Intelligence – starting today. Looking for a career change? Currently employed but want something better? Or maybe you're between jobs and ready for a fresh start? ITOL Recruit's AI Traineeship is designed to get you into one of the fastest-growing industries with zero experience required. Train online at your own pace and land your first AI Engineer role in 1-3 mo... ,https://www.reed.co.uk/jobs/junior-ai-developer/57147946,30000.0,45000.0,Location not allowed,Reed
Junior AI Developer,ITOL Recruit,N228LB,Trainee AI Engineer – No Experience Needed Future-proof your career in Artificial Intelligence – starting today. Looking for a career change? Currently employed but want something better? Or maybe you're between jobs and ready for a fresh start? ITOL Recruit's AI Traineeship is designed to get you into one of the fastest-growing industries with zero experience required. Train online at your own pace and land your first AI Engineer role in 1-3 mo... ,https://www.reed.co.uk/jobs/junior-ai-developer/57147662,30000.0,45000.0,Location not allowed,Reed
Junior AI Developer,ITOL Recruit,NW44BG,Trainee AI Engineer – No Experience Needed Future-proof your career in Artificial Intelligence – starting today. Looking for a career change? Currently employed but want something better? Or maybe you're between jobs and ready for a fresh start? ITOL Recruit's AI Traineeship is designed to get you into one of the fastest-growing industries with zero experience required. Train online at your own pace and land your first AI Engineer role in 1-3 mo... ,https://www.reed.co.uk/jobs/junior-ai-developer/57142931,30000.0,45000.0,Location not allowed,Reed
Junior AI Developer,ITOL Recruit,E174JF,Trainee AI Engineer – No Experience Needed Future-proof your career in Artificial Intelligence – starting today. Looking for a career change? Currently employed but want something better? Or maybe you're between jobs and ready for a fresh start? ITOL Recruit's AI Traineeship is designed to get you into one of the fastest-growing industries with zero experience required. Train online at your own pace and land your first AI Engineer role in 1-3 mo... ,https://www.reed.co.uk/jobs/junior-ai-developer/57142912,30000.0,45000.0,Location not allowed,Reed
Junior AI Developer,ITOL Recruit,L23SW,Trainee AI Engineer – No Experience Needed Future-proof your career in Artificial Intelligence – starting today. Looking for a career change? Currently employed but want something better? Or maybe you're between jobs and ready for a fresh start? ITOL Recruit's AI Traineeship is designed to get you into one of the fastest-growing industries with zero experience required. Train online at your own pace and land your first AI Engineer role in 1-3 mo... ,https://www.reed.co.uk/jobs/junior-ai-developer/57147588,30000.0,45000.0,Location not allowed,Reed
Trainee Ai Engineer,IT Career Switch,L18JQ,"Trainee AI Engineer - No Experience Needed! Ready to launch a future-proof career in AI - even if you have zero experience? We’re looking for ambitious individuals ready to break into the world of artificial intelligence and data science. Our industry-leading AI Traineeship is designed to take you from complete beginner to a highly employable Junior AI Engineer, with full training provided and a guaranteed job offer ( 25K- 45K starting salary) w... ",https://www.reed.co.uk/jobs/trainee-ai-engineer/56396192,25000.0,45000.0,Title not junior or graduate; Location not allowed; Salary below minimum,Reed
Trainee Ai Engineer,IT Career Switch,WA101HF,"Trainee AI Engineer - No Experience Needed! Ready to launch a future-proof career in AI - even if you have zero experience? We’re looking for ambitious individuals ready to break into the world of artificial intelligence and data science. Our industry-leading AI Traineeship is designed to take you from complete beginner to a highly employable Junior AI Engineer, with full training provided and a guaranteed job offer ( 25K- 45K starting salary) w... ",https://www.reed.co.uk/jobs/trainee-ai-engineer/56396341,25000.0,45000.0,Title not junior or graduate; Location not allowed; Salary below minimum,Reed
Trainee Ai Engineer,IT Career Switch,WA11RG,"Trainee AI Engineer - No Experience Needed! Ready to launch a future-proof career in AI - even if you have zero experience? We’re looking for ambitious individuals ready to break into the world of artificial intelligence and data science. Our industry-leading AI Traineeship is designed to take you from complete beginner to a highly employable Junior AI Engineer, with full training provided and a guaranteed job offer ( 25K- 45K starting salary) w... ",https://www.reed.co.uk/jobs/trainee-ai-engineer/56401354,25000.0,45000.0,Title not junior or graduate; Location not allowed; Salary below minimum,Reed
Trainee Ai Engineer,IT Career Switch,PR81EW,"Trainee AI Engineer - No Experience Needed! Ready to launch a future-proof career in AI - even if you have zero experience? We’re looking for ambitious individuals ready to break into the world of artificial intelligence and data science. Our industry-leading AI Traineeship is designed to take you from complete beginner to a highly employable Junior AI Engineer, with full training provided and a guaranteed job offer ( 25K- 45K starting salary) w... ",https://www.reed.co.uk/jobs/trainee-ai-engineer/56401301,25000.0,45000.0,Title not junior or graduate; Location not allowed; Salary below minimum,Reed
Trainee Ai Engineer,IT Career Switch,WN11AE,"Trainee AI Engineer - No Experience Needed! Ready to launch a future-proof career in AI - even if you have zero experience? We’re looking for ambitious individuals ready to break into the world of artificial intelligence and data science. Our industry-leading AI Traineeship is designed to take you from complete beginner to a highly employable Junior AI Engineer, with full training provided and a guaranteed job offer ( 25K- 45K starting salary) w... ",https://www.reed.co.uk/jobs/trainee-ai-engineer/56401365,25000.0,45000.0,Title not junior or graduate; Location not allowed; Salary below minimum,Reed
Trainee Ai Engineer,IT Career Switch,CH415AL,"Trainee AI Engineer - No Experience Needed! Ready to launch a future-proof career in AI - even if you have zero experience? We’re looking for ambitious individuals ready to break into the world of artificial intelligence and data science. Our industry-leading AI Traineeship is designed to take you from complete beginner to a highly employable Junior AI Engineer, with full training provided and a guaranteed job offer ( 25K- 45K starting salary) w... ",https://www.reed.co.uk/jobs/trainee-ai-engineer/56395894,25000.0,45000.0,Title not junior or graduate; Location not allowed; Salary below minimum,Reed
Trainee Ai Engineer,IT Career Switch,LS14DY,"Trainee AI Engineer - No Experience Needed! Ready to launch a future-proof career in AI - even if you have zero experience? We’re looking for ambitious individuals ready to break into the world of artificial intelligence and data science. Our industry-leading AI Traineeship is designed to take you from complete beginner to a highly employable Junior AI Engineer, with full training provided and a guaranteed job offer ( 25K- 45K starting salary) w... ",https://www.reed.co.uk/jobs/trainee-ai-engineer/56396175,25000.0,45000.0,Title not junior or graduate; Location not allowed; Salary below minimum,Reed
Trainee Ai Engineer,IT Career Switch,HD12QB,"Trainee AI Engineer - No Experience Needed! Ready to launch a future-proof career in AI - even if you have zero experience? We’re looking for ambitious individuals ready to break into the world of artificial intelligence and data science. Our industry-leading AI Traineeship is designed to take you from complete beginner to a highly employable Junior AI Engineer, with full training provided and a guaranteed job offer ( 25K- 45K starting salary) w... ",https://www.reed.co.uk/jobs/trainee-ai-engineer/56396165,25000.0,45000.0,Title not junior or graduate; Location not allowed; Salary below minimum,Reed
Trainee Ai Engineer,IT Career Switch,BD11HY,"Trainee AI Engineer - No Experience Needed! Ready to launch a future-proof career in AI - even if you have zero experience? We’re looking for ambitious individuals ready to break into the world of artificial intelligence and data science. Our industry-leading AI Traineeship is designed to take you from complete beginner to a highly employable Junior AI Engineer, with full training provided and a guaranteed job offer ( 25K- 45K starting salary) w... ",https://www.reed.co.uk/jobs/trainee-ai-engineer/56396017,25000.0,45000.0,Title not junior or graduate; Location not allowed; Salary below minimum,Reed
Trainee Ai Engineer,IT Career Switch,WF11BA,"Trainee AI Engineer - No Experience Needed! Ready to launch a future-proof career in AI - even if you have zero experience? We’re looking for ambitious individuals ready to break into the world of artificial intelligence and data science. Our industry-leading AI Traineeship is designed to take you from complete beginner to a highly employable Junior AI Engineer, with full training provided and a guaranteed job offer ( 25K- 45K starting salary) w... ",https://www.reed.co.uk/jobs/trainee-ai-engineer/56401345,25000.0,45000.0,Title not junior or graduate; Location not allowed; Salary below minimum,Reed
Trainee Ai Engineer,IT Career Switch,HX11QL,"Trainee AI Engineer - No Experience Needed! Ready to launch a future-proof career in AI - even if you have zero experience? We’re looking for ambitious individuals ready to break into the world of artificial intelligence and data science. Our industry-leading AI Traineeship is designed to take you from complete beginner to a highly employable Junior AI Engineer, with full training provided and a guaranteed job offer ( 25K- 45K starting salary) w... ",https://www.reed.co.uk/jobs/trainee-ai-engineer/56396142,25000.0,45000.0,Title not junior or graduate; Location not allowed; Salary below minimum,Reed
Data Science Trainee,IT Career Switch,HD12QB,Trainee Data Scientist - No Experience Required Are you looking to kick-start a new career as a Data Scientist? We are recruiting for companies who are looking to employ our Data Science Traineeship graduates to keep up with their growth. The best part is you will not need any previous experience as full training will be provided. You will also have the reassurance of a job guarantee ( 25K- 45K) within 20 miles of your location upon completion. ... ,https://www.reed.co.uk/jobs/data-science-trainee/56486333,25000.0,45000.0,Title not junior or graduate; Location not allowed; Salary below minimum,Reed
Junior AI Developer,ITOL Recruit,M25DB,Trainee AI Engineer – No Experience Needed Future-proof your career in Artificial Intelligence – starting today. Looking for a career change? Currently employed but want something better? Or maybe you're between jobs and ready for a fresh start? ITOL Recruit's AI Traineeship is designed to get you into one of the fastest-growing industries with zero experience required. Train online at your own pace and land your first AI Engineer role in 1-3 mo... ,https://www.reed.co.uk/jobs/junior-ai-developer/57104468,30000.0,45000.0,Location not allowed,Reed
Trainee Ai Engineer,IT Career Switch,M11AE,"Trainee AI Engineer - No Experience Needed! Ready to launch a future-proof career in AI - even if you have zero experience? We’re looking for ambitious individuals ready to break into the world of artificial intelligence and data science. Our industry-leading AI Traineeship is designed to take you from complete beginner to a highly employable Junior AI Engineer, with full training provided and a guaranteed job offer ( 25K- 45K starting salary) w... ",https://www.reed.co.uk/jobs/trainee-ai-engineer/56396200,25000.0,45000.0,Title not junior or graduate; Location not allowed; Salary below minimum,Reed
Trainee Ai Engineer,IT Career Switch,M337XN,"Trainee AI Engineer - No Experience Needed! Ready to launch a future-proof career in AI - even if you have zero experience? We’re looking for ambitious individuals ready to break into the world of artificial intelligence and data science. Our industry-leading AI Traineeship is designed to take you from complete beginner to a highly employable Junior AI Engineer, with full training provided and a guaranteed job offer ( 25K- 45K starting salary) w... ",https://www.reed.co.uk/jobs/trainee-ai-engineer/56396344,25000.0,45000.0,Title not junior or graduate; Location not allowed; Salary below minimum,Reed
Trainee Ai Engineer,IT Career Switch,OL161XU,"Trainee AI Engineer - No Experience Needed! Ready to launch a future-proof career in AI - even if you have zero experience? We’re looking for ambitious individuals ready to break into the world of artificial intelligence and data science. Our industry-leading AI Traineeship is designed to take you from complete beginner to a highly employable Junior AI Engineer, with full training provided and a guaranteed job offer ( 25K- 45K starting salary) w... ",https://www.reed.co.uk/jobs/trainee-ai-engineer/56396337,25000.0,45000.0,Title not junior or graduate; Location not allowed; Salary below minimum,Reed
Trainee Ai Engineer,IT Career Switch,OL11AD,"Trainee AI Engineer - No Experience Needed! Ready to launch a future-proof career in AI - even if you have zero experience? We’re looking for ambitious individuals ready to break into the world of artificial intelligence and data science. Our industry-leading AI Traineeship is designed to take you from complete beginner to a highly employable Junior AI Engineer, with full training provided and a guaranteed job offer ( 25K- 45K starting salary) w... ",https://www.reed.co.uk/jobs/trainee-ai-engineer/56396221,25000.0,45000.0,Title not junior or graduate; Location not allowed; Salary below minimum,Reed
Junior Developer,Proactive Appointments,B54SG,"Junior Developer 95% remote with client visits - preference to candidates in the Midlands Our client is looking for a talented Junior Developer to join their growing Practice, delivering robust, scalable integration solutions for a diverse portfolio of clients. This is an exciting opportunity for a Junior Developer who enjoys solving complex technical challenges, working across modern integration platforms, and building solutions that connect cr... ",https://www.reed.co.uk/jobs/junior-developer/57069420,30000.0,40000.0,Location not allowed,Reed
Trainee Web Developer,IT Career Switch,GU216AD,Trainee Web Developer - No Experience Required Are you looking to kick-start a new career as a web developer? We are recruiting for companies who are looking to employ our Coding Traineeship graduates to keep up with their growth. The best part is you will not need any previous experience as full training will be provided. You will also have the reassurance of a job guarantee within 20 miles of your location upon completion. Whether you are work... ,https://www.reed.co.uk/jobs/trainee-web-developer/56451145,25000.0,45000.0,Title not junior or graduate; Location not allowed; Salary below minimum,Reed
Trainee Web Developer,IT Career Switch,NN12AN,Trainee Web Developer - No Experience Required Are you looking to kick-start a new career as a web developer? We are recruiting for companies who are looking to employ our Coding Traineeship graduates to keep up with their growth. The best part is you will not need any previous experience as full training will be provided. You will also have the reassurance of a job guarantee within 20 miles of your location upon completion. Whether you are work... ,https://www.reed.co.uk/jobs/trainee-web-developer/56451022,25000.0,45000.0,Title not junior or graduate; Location not allowed; Salary below minimum,Reed
Trainee Web Developer,IT Career Switch,NG12DT,Trainee Web Developer - No Experience Required Are you looking to kick-start a new career as a web developer? We are recruiting for companies who are looking to employ our Coding Traineeship graduates to keep up with their growth. The best part is you will not need any previous experience as full training will be provided. You will also have the reassurance of a job guarantee within 20 miles of your location upon completion. Whether you are work... ,https://www.reed.co.uk/jobs/trainee-web-developer/56451028,25000.0,45000.0,Title not junior or graduate; Location not allowed; Salary below minimum,Reed
Trainee Web Developer,IT Career Switch,BN213NW,Trainee Web Developer - No Experience Required Are you looking to kick-start a new career as a web developer? We are recruiting for companies who are looking to employ our Coding Traineeship graduates to keep up with their growth. The best part is you will not need any previous experience as full training will be provided. You will also have the reassurance of a job guarantee within 20 miles of your location upon completion. Whether you are work... ,https://www.reed.co.uk/jobs/trainee-web-developer/56450915,25000.0,45000.0,Title not junior or graduate; Location not allowed; Salary below minimum,Reed
Trainee Web Developer,IT Career Switch,EX11LL,Trainee Web Developer - No Experience Required Are you looking to kick-start a new career as a web developer? We are recruiting for companies who are looking to employ our Coding Traineeship graduates to keep up with their growth. The best part is you will not need any previous experience as full training will be provided. You will also have the reassurance of a job guarantee within 20 miles of your location upon completion. Whether you are work... ,https://www.reed.co.uk/jobs/trainee-web-developer/56450923,25000.0,45000.0,Title not junior or graduate; Location not allowed; Salary below minimum,Reed
Trainee Web Developer,IT Career Switch,G12FF,Trainee Web Developer - No Experience Required Are you looking to kick-start a new career as a web developer? We are recruiting for companies who are looking to employ our Coding Traineeship graduates to keep up with their growth. The best part is you will not need any previous experience as full training will be provided. You will also have the reassurance of a job guarantee within 20 miles of your location upon completion. Whether you are work... ,https://www.reed.co.uk/jobs/trainee-web-developer/56450964,25000.0,45000.0,Title not junior or graduate; Location not allowed; Salary below minimum,Reed
Trainee Web Developer,IT Career Switch,GL11UL,Trainee Web Developer - No Experience Required Are you looking to kick-start a new career as a web developer? We are recruiting for companies who are looking to employ our Coding Traineeship graduates to keep up with their growth. The best part is you will not need any previous experience as full training will be provided. You will also have the reassurance of a job guarantee within 20 miles of your location upon completion. Whether you are work... ,https://www.reed.co.uk/jobs/trainee-web-developer/56450968,25000.0,45000.0,Title not junior or graduate; Location not allowed; Salary below minimum,Reed
Trainee Web Developer,IT Career Switch,TN341ED,Trainee Web Developer - No Experience Required Are you looking to kick-start a new career as a web developer? We are recruiting for companies who are looking to employ our Coding Traineeship graduates to keep up with their growth. The best part is you will not need any previous experience as full training will be provided. You will also have the reassurance of a job guarantee within 20 miles of your location upon completion. Whether you are work... ,https://www.reed.co.uk/jobs/trainee-web-developer/56450982,25000.0,45000.0,Title not junior or graduate; Location not allowed; Salary below minimum,Reed
Trainee Web Developer,IT Career Switch,CB23BZ,Trainee Web Developer - No Experience Required Are you looking to kick-start a new career as a web developer? We are recruiting for companies who are looking to employ our Coding Traineeship graduates to keep up with their growth. The best part is you will not need any previous experience as full training will be provided. You will also have the reassurance of a job guarantee within 20 miles of your location upon completion. Whether you are work... ,https://www.reed.co.uk/jobs/trainee-web-developer/56450845,25000.0,45000.0,Title not junior or graduate; Location not allowed; Salary below minimum,Reed
Trainee Web Developer,IT Career Switch,CM11HT,Trainee Web Developer - No Experience Required Are you looking to kick-start a new career as a web developer? We are recruiting for companies who are looking to employ our Coding Traineeship graduates to keep up with their growth. The best part is you will not need any previous experience as full training will be provided. You will also have the reassurance of a job guarantee within 20 miles of your location upon completion. Whether you are work... ,https://www.reed.co.uk/jobs/trainee-web-developer/56450851,25000.0,45000.0,Title not junior or graduate; Location not allowed; Salary below minimum,Reed
Trainee Web Developer,IT Career Switch,GL501HQ,Trainee Web Developer - No Experience Required Are you looking to kick-start a new career as a web developer? We are recruiting for companies who are looking to employ our Coding Traineeship graduates to keep up with their growth. The best part is you will not need any previous experience as full training will be provided. You will also have the reassurance of a job guarantee within 20 miles of your location upon completion. Whether you are work... ,https://www.reed.co.uk/jobs/trainee-web-developer/56450857,25000.0,45000.0,Title not junior or graduate; Location not allowed; Salary below minimum,Reed
Trainee Web Developer,IT Career Switch,S401PF,Trainee Web Developer - No Experience Required Are you looking to kick-start a new career as a web developer? We are recruiting for companies who are looking to employ our Coding Traineeship graduates to keep up with their growth. The best part is you will not need any previous experience as full training will be provided. You will also have the reassurance of a job guarantee within 20 miles of your location upon completion. Whether you are work... ,https://www.reed.co.uk/jobs/trainee-web-developer/56450863,25000.0,45000.0,Title not junior or graduate; Location not allowed; Salary below minimum,Reed
Trainee DevOps Engineer | No experience needed (Ref: 7501),Qualify Nation Recruitment,Edinburgh,"DEVOPS ENGINEER TRAINEESHIP Become a DevOps Engineer and Build Real-World Experience Are you interested in cloud computing, software development, automation, and building reliable technology platforms? Do you want to gain practical experience while developing technical skills that are in high demand across the technology industry? We are offering a DevOps Engineer Traineeship designed to help aspiring DevOps professionals develop industry-releva... ",https://www.reed.co.uk/jobs/trainee-devops-engineer--no-experience-needed-ref-7501/57166346,28000.0,38000.0,Title not junior or graduate; Salary below minimum,Reed
Trainee DevOps Engineer | No experience needed (Ref: 7501),Qualify Nation Recruitment,London,"DEVOPS ENGINEER TRAINEESHIP Become a DevOps Engineer and Build Real-World Experience Are you interested in cloud computing, software development, automation, and building reliable technology platforms? Do you want to gain practical experience while developing technical skills that are in high demand across the technology industry? We are offering a DevOps Engineer Traineeship designed to help aspiring DevOps professionals develop industry-releva... ",https://www.reed.co.uk/jobs/trainee-devops-engineer--no-experience-needed-ref-7501/57166358,28000.0,38000.0,Title not junior or graduate; Salary below minimum,Reed
Mechanical Maintenance Engineer,Randstad Construction & Property,London,"Central London 40,000- 45,000 PER YEAR Monday - Friday 8 - 5 Commercial Building Mechanical Level 3 or Equivalent Required 18th Required This is working for a Well Established FM Organisation Interested ? Apply now ! Executing planned preventative maintenance on boilers, burners, and heating plant. Responding to reactive calls regarding leaks, blockages, and heating or cooling failures. Maintaining air handling units including belt changes, filt... ",https://www.reed.co.uk/jobs/mechanical-maintenance-engineer/57055773,40000.0,45000.0,Not a software/technical role; Title not junior or graduate,Reed
Junior AI Engineer,Newto Training,London,"Are you ready to start a new career in AI Engineering? AI is expected to generate 170 million jobs by 2030 and at present experienced professionals can earn salaries of upwards of 66,000. In today’s digital world, AI is transforming every aspect of our lives and is at the heart of modern technological advancements. As skills shortages continue to grow, the demand for qualified entry-level professionals is on the rise. Your journey to a new caree... ",https://www.reed.co.uk/jobs/junior-ai-engineer/57079328,20000.0,50000.0,Not a software/technical role; Salary below minimum,Reed
Trainee AI Engineer,Newto Training,London,"Are you ready to start a new career in AI Engineering? AI is expected to generate 170 million jobs by 2030 and at present experienced professionals can earn salaries of upwards of 66,000. In today’s digital world, AI is transforming every aspect of our lives and is at the heart of modern technological advancements. As skills shortages continue to grow, the demand for qualified entry-level professionals is on the rise. Your journey to a new caree... ",https://www.reed.co.uk/jobs/trainee-ai-engineer/57079329,20000.0,50000.0,Not a software/technical role; Title not junior or graduate; Salary below minimum,Reed
Trainee DevOps Engineer | No experience needed (Ref: 7501),Qualify Nation Recruitment,Liverpool,"DEVOPS ENGINEER TRAINEESHIP Become a DevOps Engineer and Build Real-World Experience Are you interested in cloud computing, software development, automation, and building reliable technology platforms? Do you want to gain practical experience while developing technical skills that are in high demand across the technology industry? We are offering a DevOps Engineer Traineeship designed to help aspiring DevOps professionals develop industry-releva... ",https://www.reed.co.uk/jobs/trainee-devops-engineer--no-experience-needed-ref-7501/57166353,28000.0,38000.0,Title not junior or graduate; Salary below minimum,Reed
Trainee DevOps Engineer | No experience needed (Ref: 7501),Qualify Nation Recruitment,Leeds,"DEVOPS ENGINEER TRAINEESHIP Become a DevOps Engineer and Build Real-World Experience Are you interested in cloud computing, software development, automation, and building reliable technology platforms? Do you want to gain practical experience while developing technical skills that are in high demand across the technology industry? We are offering a DevOps Engineer Traineeship designed to help aspiring DevOps professionals develop industry-releva... ",https://www.reed.co.uk/jobs/trainee-devops-engineer--no-experience-needed-ref-7501/57166350,28000.0,38000.0,Title not junior or graduate; Salary below minimum,Reed
Trainee DevOps Engineer | No experience needed (Ref: 7501),Qualify Nation Recruitment,Manchester,"DEVOPS ENGINEER TRAINEESHIP Become a DevOps Engineer and Build Real-World Experience Are you interested in cloud computing, software development, automation, and building reliable technology platforms? Do you want to gain practical experience while developing technical skills that are in high demand across the technology industry? We are offering a DevOps Engineer Traineeship designed to help aspiring DevOps professionals develop industry-releva... ",https://www.reed.co.uk/jobs/trainee-devops-engineer--no-experience-needed-ref-7501/57166354,28000.0,38000.0,Title not junior or graduate; Salary below minimum,Reed
Trainee DevOps Engineer | No experience needed (Ref: 7501),Qualify Nation Recruitment,Hull,"DEVOPS ENGINEER TRAINEESHIP Become a DevOps Engineer and Build Real-World Experience Are you interested in cloud computing, software development, automation, and building reliable technology platforms? Do you want to gain practical experience while developing technical skills that are in high demand across the technology industry? We are offering a DevOps Engineer Traineeship designed to help aspiring DevOps professionals develop industry-releva... ",https://www.reed.co.uk/jobs/trainee-devops-engineer--no-experience-needed-ref-7501/57166349,28000.0,38000.0,Title not junior or graduate; Location not allowed; Salary below minimum,Reed
Software Developer Trainee,ITOL Recruit,CF103ND,"Are you looking to benefit from a new career in Software Development? Skills shortages in the IT sector is driving the need for qualified, entry-level career seekers and career changers. We help place graduates from this programme in top UK companies and organisations needing to employ entry-level software development staff that can hit the ground running with up-to-date skills gained from this programme. The best part is you will not need any p... ",https://www.reed.co.uk/jobs/software-developer-trainee/57142900,28000.0,35000.0,Title not junior or graduate; Location not allowed; Salary below minimum,Reed
Trainee Software Developer,ITOL Recruit,EX24QD,"Are you looking to benefit from a new career in Software Development? Skills shortages in the IT sector is driving the need for qualified, entry-level career seekers and career changers. We help place graduates from this programme in top UK companies and organisations needing to employ entry-level software development staff that can hit the ground running with up-to-date skills gained from this programme. The best part is you will not need any p... ",https://www.reed.co.uk/jobs/trainee-software-developer/57115128,30000.0,35000.0,Title not junior or graduate; Location not allowed,Reed
Trainee DevOps Engineer | No experience needed (Ref: 7501),Qualify Nation Recruitment,Leicester,"DEVOPS ENGINEER TRAINEESHIP Become a DevOps Engineer and Build Real-World Experience Are you interested in cloud computing, software development, automation, and building reliable technology platforms? Do you want to gain practical experience while developing technical skills that are in high demand across the technology industry? We are offering a DevOps Engineer Traineeship designed to help aspiring DevOps professionals develop industry-releva... ",https://www.reed.co.uk/jobs/trainee-devops-engineer--no-experience-needed-ref-7501/57166351,28000.0,38000.0,Title not junior or graduate; Location not allowed; Salary below minimum,Reed
